product_id,title,category,description,price
P0001,Report Both Home,Home & Kitchen,More respond who. Top Mr wind better.,17.38
P0002,Sea Fight Spor,Sports & Outdoors,Strong wonder interest method.,126.22
P0003,Want Thought Clot,Clothing,Jacket cotton jeans washable jeans jacket jacket shoes size washable running washable shoes.,369.55
P0004,Site Wish Auto,Automotive,Voice happen actually purpose public how mission.,48.03
P0005,Explain Something Toys,Toys,Ask window full organization.,20.73
P0006,Author Moment Home,Home & Kitchen,Green project wear would memory challenge.,113.23
P0007,Trade Now Auto,Automotive,Will him quickly. Few perhaps set produce.,303.0
P0008,Million Lawyer Auto,Automotive,Adult shake wrong they budget late table.,103.42
P0009,Miss Perhaps Auto,Automotive,Fine home shake notice.,212.66
P0010,Hair Heavy Heal,Health,Pay good within fly agreement and.,296.69
P0011,Magazine Really Elec,Electronics,Screen LED battery LED 4k usb-c wireless screen screen wireless screen.,380.61
P0012,Republican Describe Clot,Clothing,Shirt running size jacket shirt running washable washable shirt shoes cotton.,350.58
P0013,Field Evidence Beau,Beauty & Personal Care,Market specific property coach federal wide.,142.55
P0014,Determine Hand Book,Books,Father of source.,478.82
P0015,Product Score Beau,Beauty & Personal Care,Prepare few sound item.,55.59
P0016,Maintain Choose Toys,Toys,Television officer defense while score level view.,52.87
P0017,College Establish Beau,Beauty & Personal Care,Character rate feel itself five.,303.84
P0018,Strategy Suggest Elec,Electronics,Battery battery bluetooth wireless cable screen smart usb-c smart usb-c battery battery wireless.,366.22
P0019,Believe Industry Auto,Automotive,Probably compare system white magazine. Area to finish.,66.79
P0020,Pattern Since Toys,Toys,Door number matter building.,44.01
P0021,Budget Free Spor,Sports & Outdoors,South season very design blood degree.,415.56
P0022,Yeah Arm Pet ,Pet Supplies,Interest radio white these view guy resource.,443.3
P0023,Trade Voice Beau,Beauty & Personal Care,Education his police red total. Movement door kind account.,290.79
P0024,He Kitchen Home,Home & Kitchen,Trouble place these short. Smile ever bag single man say.,27.68
P0025,Bring Coach Book,Books,Role natural force receive seven political contain kitchen.,387.67
P0026,The Generation Home,Home & Kitchen,Might wide store shake suggest.,428.38
P0027,Decide Everybody Home,Home & Kitchen,Cup increase consider then war.,193.16
P0028,Their Report Heal,Health,Anyone peace outside chance.,319.66
P0029,Short Research Beau,Beauty & Personal Care,Budget require course technology site explain management.,85.51
P0030,Information Right Beau,Beauty & Personal Care,Industry impact certainly face energy.,108.71
P0031,Indicate Remain Spor,Sports & Outdoors,Require remain save eight believe. Appear use likely great.,352.4
P0032,Another Care Home,Home & Kitchen,Car throughout American conference college manage.,306.52
P0033,Million South Clot,Clothing,Shoes shoes jacket running size shoes shirt jacket size size running size.,269.4
P0034,Least Business Book,Books,New type PM key.,85.88
P0035,So Movie Toys,Toys,American ground remember magazine manage suffer term.,138.62
P0036,Response Campaign Auto,Automotive,None production defense your above.,113.71
P0037,Garden Yourself Beau,Beauty & Personal Care,Health upon black food ahead least.,422.21
P0038,Against Together Elec,Electronics,Bluetooth charger charger battery cable cable 4k LED wireless battery battery cable screen.,118.38
P0039,Sure Will Elec,Electronics,Bluetooth cable battery cable LED bluetooth smart smart.,403.5
P0040,Something Knowledge Toys,Toys,Tough page grow benefit happen.,137.53
P0041,Because Fill Book,Books,Pass its international American game less.,457.0
P0042,Majority Recent Pet ,Pet Supplies,Join trade local chance campaign total success.,438.8
P0043,Former People Beau,Beauty & Personal Care,Spend green one shoulder administration scientist leg.,110.25
P0044,Nor Affect Heal,Health,Serious last space game truth special decision.,200.84
P0045,Herself Rock Heal,Health,House actually pretty.,75.72
P0046,Thousand Produce Clot,Clothing,Shoes cotton fit fit shoes jacket fit cotton jeans fit size.,127.08
P0047,These Including Auto,Automotive,Course feeling leg listen against coach check.,271.79
P0048,Ask News Pet ,Pet Supplies,Free bill summer. Woman support say other never fact.,217.07
P0049,Color Field Pet ,Pet Supplies,Instead firm as.,202.7
P0050,Read Simple Book,Books,Light just medical onto rate.,498.68
P0051,Blood Student Clot,Clothing,Shoes shoes shoes shirt size jacket jacket fit fit shirt.,257.22
P0052,Attack Green Home,Home & Kitchen,Wall management doctor news yourself grow.,379.11
P0053,Born Station Home,Home & Kitchen,Box dinner no main year size. Show news to.,80.66
P0054,Truth Bit Clot,Clothing,Shirt shoes cotton shirt jeans fit fit fit washable jacket jacket jacket jeans.,397.08
P0055,Congress Bed Toys,Toys,Positive free case summer.,300.22
P0056,Study Rest Toys,Toys,Head senior guess professor charge.,193.9
P0057,Put City Heal,Health,Want kind show response military attorney.,266.91
P0058,Choice School Auto,Automotive,Around place require produce mind fast I.,431.09
P0059,Although Note Elec,Electronics,Smart battery 4k cable LED LED charger cable smart bluetooth screen.,341.74
P0060,Effort There Home,Home & Kitchen,Hope rest they minute must degree.,342.45
P0061,Eat Support Auto,Automotive,Risk would book art health.,376.68
P0062,Herself Look Beau,Beauty & Personal Care,Not thus physical mouth other go expect size.,60.22
P0063,Natural Start Toys,Toys,Chair international include begin.,83.29
P0064,Lot Carry Elec,Electronics,Charger 4k LED usb-c LED usb-c cable smart bluetooth 4k smart.,477.14
P0065,Amount Necessary Spor,Sports & Outdoors,Tell brother defense list second want hard.,486.08
P0066,Know Anything Clot,Clothing,Fit size washable size cotton fit shoes.,256.3
P0067,Huge May Home,Home & Kitchen,Threat democratic standard major business.,435.91
P0068,Race Behavior Spor,Sports & Outdoors,Car catch PM seven project chance road become.,421.63
P0069,Nearly Current Auto,Automotive,Religious occur someone religious.,306.44
P0070,Full Interest Clot,Clothing,Jeans cotton shirt jeans running size fit shoes shoes shirt cotton jeans.,190.09
P0071,Behind Class Clot,Clothing,Cotton shoes cotton washable washable shoes size size fit cotton fit fit size.,271.99
P0072,Evening How Auto,Automotive,Weight question arrive which consider.,459.65
P0073,Involve Property Pet ,Pet Supplies,Appear dream others door.,165.46
P0074,Out Investment Elec,Electronics,Usb-C wireless 4k 4k bluetooth cable LED bluetooth.,60.37
P0075,Read Computer Beau,Beauty & Personal Care,Base player data whose health world site.,439.97
P0076,Share Only Spor,Sports & Outdoors,Art two event. Style herself goal place one.,123.53
P0077,Develop Machine Book,Books,There decision measure soon this.,439.61
P0078,Allow Wait Home,Home & Kitchen,Foreign trial card two participant above act community.,47.4
P0079,Will Security Heal,Health,Public good spend still group concern. By have cover.,408.93
P0080,Pull Individual Auto,Automotive,Course staff personal space determine woman.,384.09
P0081,Other Continue Clot,Clothing,Shoes shirt jeans jeans shirt shirt jacket.,331.58
P0082,Too Wrong Auto,Automotive,Open second camera value. Thing rock ever summer age.,86.74
P0083,Sing Draw Auto,Automotive,Item yet ever quite level guess. This different everyone.,436.85
P0084,Economic Yet Toys,Toys,When true culture forget as personal. Lose space or.,482.36
P0085,Suffer Letter Auto,Automotive,Simply people shake personal.,378.86
P0086,Price Action Book,Books,Feeling phone assume quality.,357.91
P0087,West Page Toys,Toys,Himself somebody they people fund visit situation.,497.6
P0088,Reach Somebody Beau,Beauty & Personal Care,Pm eight inside right.,221.86
P0089,Operation Town Auto,Automotive,Find those simply challenge final garden.,228.49
P0090,Whether And Book,Books,Instead crime customer. Size game property reason word.,116.23
P0091,Help All Beau,Beauty & Personal Care,Detail about development discover perhaps dream same.,15.41
P0092,Else Could Auto,Automotive,Boy fact create one she analysis ahead.,118.91
P0093,Hotel Recent Book,Books,Again successful treat again quality.,8.56
P0094,Study Customer Elec,Electronics,Usb-C usb-c usb-c charger charger wireless bluetooth usb-c.,118.33
P0095,Too North Elec,Electronics,4K LED screen smart LED usb-c cable 4k.,430.52
P0096,Movie Important Home,Home & Kitchen,Smile foreign apply somebody their.,259.51
P0097,Travel Easy Spor,Sports & Outdoors,Hear million condition Republican moment low what.,336.14
P0098,Past Analysis Book,Books,Despite interesting help church successful effort.,271.92
P0099,Her Week Pet ,Pet Supplies,Mention from later it happen marriage event.,290.22
P0100,Debate Republican Book,Books,Family maybe national back.,393.39
P0101,Across Speech Toys,Toys,Economic seat shoulder suddenly course page.,99.25
P0102,East Name Home,Home & Kitchen,Example get you watch state. Line mention seven.,331.2
P0103,Yes Sing Beau,Beauty & Personal Care,Skill serious reveal left social fine could show.,214.67
P0104,Out Professional Heal,Health,Matter probably great. Industry rate idea single Mrs.,432.6
P0105,Republican On Elec,Electronics,Usb-C 4k screen screen usb-c wireless screen smart screen usb-c LED screen bluetooth.,338.32
P0106,Bring Carry Home,Home & Kitchen,Allow ready major cost. Treat history day fact.,35.0
P0107,Character Like Beau,Beauty & Personal Care,Industry sea home tough deal that finally.,401.29
P0108,School Thousand Home,Home & Kitchen,Station painting east forget.,128.08
P0109,Truth Coach Book,Books,Hospital statement sure indeed conference.,270.46
P0110,Campaign Home Clot,Clothing,Shoes jeans shirt cotton jacket running running washable jacket.,213.83
P0111,General Religious Spor,Sports & Outdoors,Sense mean single improve. Education media left available.,234.0
P0112,Nor Site Home,Home & Kitchen,Machine attention nature drug wear cell star.,224.35
P0113,Anyone Think Auto,Automotive,Collection provide action event key concern.,53.46
P0114,Address Green Auto,Automotive,Political respond to hospital final appear above.,418.83
P0115,Future Or Home,Home & Kitchen,Quite as when benefit structure.,463.55
P0116,Price Home Book,Books,Couple debate must voice building degree ground community.,87.32
P0117,Garden Program Heal,Health,Attack despite feeling.,243.27
P0118,Much Push Toys,Toys,Question win really forward play this.,451.71
P0119,Either President Clot,Clothing,Jeans jacket cotton cotton jacket fit size washable.,192.59
P0120,Tax Fight Toys,Toys,Art hear father charge. Politics draw rise write kitchen.,136.28
P0121,True Million Heal,Health,Director run garden. Much trade professor eat reach.,146.2
P0122,Language Control Auto,Automotive,West appear yeah voice. Begin or story use.,332.63
P0123,Student Meet Heal,Health,Eat experience large player even sit bag win.,81.62
P0124,Above Add Spor,Sports & Outdoors,Seven into bar. Organization check risk either less.,112.76
P0125,Capital Image Elec,Electronics,Cable screen smart smart screen cable screen screen usb-c wireless charger usb-c.,291.69
P0126,Tax High Auto,Automotive,Class several whatever side seem give remember.,35.17
P0127,Entire Role Beau,Beauty & Personal Care,Weight success activity side popular true huge only.,33.3
P0128,Team Million Pet ,Pet Supplies,May mouth though only safe. Body of something sport.,241.01
P0129,Court Morning Auto,Automotive,Best similar individual.,82.93
P0130,Factor Attack Auto,Automotive,Late sport control arrive. Speak court work the.,44.66
P0131,Development Nearly Clot,Clothing,Cotton size jeans jacket cotton size running shirt shoes cotton.,38.92
P0132,Heart Tv Home,Home & Kitchen,Heart mind while. Usually list front investment he.,339.23
P0133,Cup About Book,Books,South able that I structure understand. Own than evidence.,204.87
P0134,Scene West Pet ,Pet Supplies,Admit growth animal space for know.,126.88
P0135,Official Two Pet ,Pet Supplies,Safe family crime century.,24.67
P0136,General Weight Home,Home & Kitchen,Collection land break production drive deep send.,212.52
P0137,Go Try Pet ,Pet Supplies,Short detail election live today but.,284.79
P0138,Fill Begin Beau,Beauty & Personal Care,Use short over popular help.,467.68
P0139,Important Land Book,Books,Become scientist visit seat. Of camera finish herself.,336.51
P0140,Yes Fine Beau,Beauty & Personal Care,Side something value call professional opportunity.,123.15
P0141,Dinner Miss Toys,Toys,Matter lay own certainly program. Out final wrong.,69.78
P0142,Stand Country Spor,Sports & Outdoors,Region heavy wonder four still.,231.33
P0143,Same Wind Home,Home & Kitchen,Road federal spring treatment city again hot.,9.61
P0144,Determine Discover Pet ,Pet Supplies,Red nature best food social. Sure report leader.,499.23
P0145,Arrive Big Home,Home & Kitchen,Same across rise offer question.,41.26
P0146,Middle Five Book,Books,Wind conference appear woman practice order.,255.41
P0147,Beautiful Campaign Clot,Clothing,Running shirt washable jacket shoes shirt jacket shoes shirt size shirt washable fit.,466.96
P0148,Leader Fire Home,Home & Kitchen,Political training different only would look really.,440.24
P0149,Sell Tell Beau,Beauty & Personal Care,By foot research television Mr if red.,146.07
P0150,Establish Today Heal,Health,Send debate probably bring.,417.7
P0151,Finally Reason Spor,Sports & Outdoors,Be by fear.,307.78
P0152,Total There Auto,Automotive,Knowledge officer reason mission worry goal Mrs.,8.87
P0153,Yard Run Auto,Automotive,Whatever own democratic grow campaign.,153.19
P0154,Term Class Home,Home & Kitchen,Movie audience run yet.,469.77
P0155,Him Where Clot,Clothing,Running washable cotton shirt cotton fit cotton jeans cotton shirt.,135.91
P0156,Follow Per Home,Home & Kitchen,Sing chair something event better woman.,372.5
P0157,Story Night Clot,Clothing,Cotton washable shirt size size cotton cotton size jacket fit shoes jacket.,139.81
P0158,Purpose Hospital Pet ,Pet Supplies,Organization support local camera act message choice.,109.26
P0159,Toward Begin Beau,Beauty & Personal Care,Question industry leader keep government.,105.78
P0160,Reveal Research Spor,Sports & Outdoors,Image fine bed bag role. Close arm sea never.,255.18
P0161,Politics And Spor,Sports & Outdoors,Recently if pattern treat second research reflect.,453.14
P0162,Ground White Elec,Electronics,Smart bluetooth usb-c cable usb-c bluetooth screen bluetooth screen wireless smart bluetooth usb-c.,50.69
P0163,Worker Question Toys,Toys,Story surface tax face low.,415.53
P0164,Hear Act Elec,Electronics,Charger wireless smart LED smart screen LED screen screen wireless charger bluetooth.,6.76
P0165,Specific Realize Clot,Clothing,Washable fit jeans running washable running cotton.,320.37
P0166,Leader Accept Spor,Sports & Outdoors,Difficult house federal into consider.,84.98
P0167,Know Middle Heal,Health,Third remember book expect card inside.,278.08
P0168,Return Economic Toys,Toys,Many race camera seem sister hundred rise.,282.65
P0169,School End Home,Home & Kitchen,Question garden with. Its face magazine.,42.25
P0170,American Eye Clot,Clothing,Fit jacket shoes jacket jeans fit running shirt shirt size fit.,275.07
P0171,Late Quickly Beau,Beauty & Personal Care,Upon international pattern before anything.,293.34
P0172,Anyone Court Clot,Clothing,Size size size washable washable size.,217.74
P0173,Lawyer Crime Elec,Electronics,Wireless LED screen battery battery LED.,157.59
P0174,High Situation Elec,Electronics,Usb-C screen screen wireless wireless 4k charger screen cable.,449.97
P0175,Data Sea Book,Books,More he practice decide himself thought candidate sea.,342.62
P0176,Understand Song Home,Home & Kitchen,Understand avoid national garden rise writer dark.,180.07
P0177,Rule Customer Auto,Automotive,Window thus large response treat attack industry.,442.65
P0178,Until Without Toys,Toys,Manager mouth message avoid just meeting.,487.05
P0179,Use Fall Clot,Clothing,Jeans jacket jeans size fit jacket jeans fit cotton size cotton fit.,463.25
P0180,Because Your Book,Books,Establish so politics eat.,432.98
P0181,Trip Star Clot,Clothing,Size fit running size running shirt cotton washable jacket size size cotton shirt.,441.3
P0182,Clearly Like Elec,Electronics,Bluetooth cable screen LED charger LED 4k charger battery battery 4k charger cable.,93.78
P0183,Commercial Value Beau,Beauty & Personal Care,Role its chance look many.,392.28
P0184,System Actually Toys,Toys,Stage reach could century.,402.11
P0185,Born Occur Book,Books,Between himself body add store various car show.,137.07
P0186,Candidate Against Home,Home & Kitchen,System be cause service throughout spring.,194.36
P0187,Agent Dream Elec,Electronics,Bluetooth battery 4k charger bluetooth usb-c.,430.0
P0188,Father Heavy Book,Books,History government expert TV range rather.,103.79
P0189,Money Recently Heal,Health,Past brother type turn. Page concern most.,178.08
P0190,Style Stock Book,Books,Usually specific represent baby able value.,115.35
P0191,Certainly Suffer Book,Books,Spring both into risk certain follow camera.,202.24
P0192,Smile Discuss Spor,Sports & Outdoors,Himself near much manage movie.,432.85
P0193,Chair Financial Spor,Sports & Outdoors,Dog able yes admit.,178.82
P0194,Safe Language Auto,Automotive,Century table will tree drug still argue.,202.84
P0195,Its Seven Auto,Automotive,Approach black ok live order citizen. Half bad baby notice.,168.92
P0196,Land Response Elec,Electronics,Smart LED wireless bluetooth wireless LED LED bluetooth bluetooth screen.,62.09
P0197,Present Arrive Spor,Sports & Outdoors,Never stop try maybe remember interest church.,93.39
P0198,Expect Boy Spor,Sports & Outdoors,Hot state wish painting baby.,23.94
P0199,Cup Ok Pet ,Pet Supplies,Back owner suggest agreement.,220.11
P0200,Information Month Beau,Beauty & Personal Care,Point allow especially with north.,221.01
P0201,Idea Me Auto,Automotive,Fire hospital green can push.,62.24
P0202,Name Shoulder Pet ,Pet Supplies,Than also claim radio bad personal well discuss.,99.09
P0203,Bad Claim Elec,Electronics,Led usb-c screen cable screen screen charger smart charger cable screen battery LED.,355.85
P0204,Far Part Elec,Electronics,Led smart charger bluetooth charger 4k usb-c cable wireless wireless screen usb-c bluetooth.,262.36
P0205,Institution Issue Auto,Automotive,Government author represent leave worry without.,344.99
P0206,Street Election Book,Books,True can happen suddenly weight health radio media.,185.29
P0207,Box Whose Home,Home & Kitchen,Account table fact citizen human authority hold.,474.69
P0208,Plant Staff Beau,Beauty & Personal Care,Should current forget fish you main.,313.46
P0209,Prove Control Home,Home & Kitchen,Artist speak smile without degree deep.,361.28
P0210,Guess Some Spor,Sports & Outdoors,Center event bank them.,256.03
P0211,Several Region Toys,Toys,Clearly glass industry little read. Whole join tree now.,166.46
P0212,Little Yes Spor,Sports & Outdoors,Pattern food worry voice sea say first character.,279.43
P0213,Cut Respond Book,Books,Plant police official already.,213.12
P0214,Build With Toys,Toys,Western have hair few film standard by.,340.27
P0215,Protect Federal Clot,Clothing,Jeans washable jeans fit washable size shirt jacket.,309.68
P0216,Ok I Spor,Sports & Outdoors,Market seem until between.,206.01
P0217,Score Still Elec,Electronics,Bluetooth smart bluetooth usb-c usb-c smart charger.,155.42
P0218,Though Technology Book,Books,Account hear difference exist they enough.,217.79
P0219,Wrong Provide Pet ,Pet Supplies,Star outside friend where year drop wind.,305.3
P0220,Product Whom Beau,Beauty & Personal Care,Within community tough military join between.,235.17
P0221,Help Culture Heal,Health,Study city follow behavior agent. Pick order agreement.,339.44
P0222,Particularly Trial Auto,Automotive,Present develop create subject risk.,239.23
P0223,Three High Clot,Clothing,Cotton running fit fit size fit cotton.,331.13
P0224,Little System Spor,Sports & Outdoors,Hospital make against available where.,260.15
P0225,Environmental With Pet ,Pet Supplies,Conference act condition note.,170.92
P0226,Meet Decision Book,Books,Cover ahead age memory. Describe half together ahead.,338.03
P0227,Increase Board Book,Books,Give necessary family seat.,404.25
P0228,Head Hour Clot,Clothing,Shoes shirt fit fit jacket washable jeans shirt size size cotton washable fit.,17.09
P0229,Realize Hot Book,Books,Standard last threat when education important page theory.,492.05
P0230,Fall Sense Pet ,Pet Supplies,Certain fire act read response degree.,425.62
P0231,Capital Local Home,Home & Kitchen,Watch space provide off position radio itself spend.,230.43
P0232,Available Many Pet ,Pet Supplies,Over option door again. Popular task write.,101.25
P0233,Look Minute Toys,Toys,Stop indeed feeling first.,249.72
P0234,Accept World Book,Books,Successful visit bill difference. Catch year technology.,78.05
P0235,Position Strong Elec,Electronics,Battery cable bluetooth usb-c wireless screen.,446.87
P0236,Fast Fund Home,Home & Kitchen,Establish color case leave call technology.,390.32
P0237,Management Tell Book,Books,Difficult enough fast bar next their process.,92.06
P0238,Whom Himself Auto,Automotive,Could bit decade opportunity month teach.,234.95
P0239,Main Under Auto,Automotive,Window test message sister could everyone.,128.35
P0240,Morning Lawyer Home,Home & Kitchen,Seat drive thus cost. Live most goal.,230.95
P0241,Responsibility Apply Heal,Health,Free kid have any him up create.,335.45
P0242,Stock Democrat Auto,Automotive,Where detail apply along entire. Mother every third record.,299.75
P0243,Change Add Heal,Health,Pm relationship explain about continue traditional.,308.26
P0244,Our Response Auto,Automotive,Into again window thing color set act.,216.24
P0245,Record Message Auto,Automotive,Structure moment cold chair behind.,225.73
P0246,Budget Expect Clot,Clothing,Washable cotton washable jacket running jacket shoes running shirt.,373.11
P0247,Wife Huge Heal,Health,Rock again without task process center marriage.,227.78
P0248,You Fact Book,Books,Whole theory quickly tonight.,420.73
P0249,Responsibility Citizen Spor,Sports & Outdoors,Course often reduce street but.,384.08
P0250,Middle Follow Auto,Automotive,Whom perhaps professor field explain son administration.,244.88
P0251,Discuss Almost Book,Books,Involve produce a. Case these size maybe when.,140.93
P0252,Chair Result Home,Home & Kitchen,Usually eat question hit human tough throw.,358.2
P0253,Reveal Seem Book,Books,Economic indicate current figure father.,139.5
P0254,Pressure Of Beau,Beauty & Personal Care,Life into inside improve agree next.,447.05
P0255,Fill Others Home,Home & Kitchen,There apply suddenly call prove leg several.,73.5
P0256,Foreign Serve Book,Books,Real ten building once memory response reduce.,194.6
P0257,Nature Bill Clot,Clothing,Shoes shirt fit cotton fit shoes.,354.68
P0258,Thus Office Home,Home & Kitchen,Daughter listen strategy kitchen argue.,210.36
P0259,Figure Region Beau,Beauty & Personal Care,Start race teacher pay it. Continue stand price.,273.59
P0260,Walk Realize Toys,Toys,Where manage property hospital. Less spend challenge exist.,35.82
P0261,He Reality Toys,Toys,Know traditional great cause think learn across citizen.,197.79
P0262,Carry Save Pet ,Pet Supplies,Fund resource skill everything several field hour.,473.3
P0263,Respond Maybe Elec,Electronics,4K 4k 4k charger wireless wireless cable battery LED smart.,429.08
P0264,Assume Population Pet ,Pet Supplies,Service wonder speak run door tonight.,193.29
P0265,Huge Cell Elec,Electronics,Bluetooth charger wireless cable LED charger usb-c screen LED.,471.66
P0266,Walk Accept Spor,Sports & Outdoors,News cultural make quickly different score its.,377.97
P0267,Certainly Suddenly Toys,Toys,Similar nothing ten future radio whatever.,271.42
P0268,Coach Field Auto,Automotive,Keep personal them notice. Site fear brother discover.,400.93
P0269,Whose Everyone Book,Books,Move drop military particularly.,246.67
P0270,Scientist Thing Spor,Sports & Outdoors,Allow instead customer. Cause natural safe under.,220.74
P0271,Measure Your Elec,Electronics,Screen wireless smart cable usb-c charger.,197.48
P0272,Staff Station Toys,Toys,Establish among along medical.,363.47
P0273,Gun Leave Heal,Health,Move team radio scene need. Hit help by.,460.17
P0274,Couple Fear Pet ,Pet Supplies,Draw begin act including.,269.39
P0275,Hit State Toys,Toys,Fire own three. Can huge price prevent baby.,297.99
P0276,Near During Elec,Electronics,Battery LED 4k battery LED 4k wireless usb-c cable LED battery battery bluetooth.,46.55
P0277,Along Expect Toys,Toys,Score decision head staff center.,72.17
P0278,Lawyer No Heal,Health,Open feel whole arrive take.,94.96
P0279,Leader Tree Spor,Sports & Outdoors,Produce all several. Travel senior from.,192.66
P0280,Natural Ever Book,Books,Site up sell southern network weight.,230.08
P0281,Exist Receive Beau,Beauty & Personal Care,Whether level yeah draw. Exactly radio ever.,381.81
P0282,Her Media Toys,Toys,Site special part buy nothing.,142.74
P0283,Dream Professor Toys,Toys,Design around voice everybody particular finish ask.,129.87
P0284,Resource Through Home,Home & Kitchen,Chair peace anyone boy. Contain medical key.,237.8
P0285,Involve Watch Auto,Automotive,Music and doctor board medical both. Down for he state.,30.78
P0286,Dinner Human Beau,Beauty & Personal Care,Likely wind perform civil and us.,115.99
P0287,Policy Marriage Home,Home & Kitchen,Allow risk high young bad back very different.,391.71
P0288,Light Significant Elec,Electronics,4K screen bluetooth 4k usb-c screen cable usb-c battery screen usb-c LED.,378.35
P0289,Represent Pattern Book,Books,Gun goal measure trip president painting.,103.68
P0290,Miss Project Elec,Electronics,Led cable screen bluetooth smart 4k bluetooth.,312.56
P0291,Baby Cause Book,Books,Tonight then administration building enjoy.,67.48
P0292,Box Seven Home,Home & Kitchen,Term truth toward great I news Republican.,284.16
P0293,Leg Control Book,Books,Available TV wear. Piece scientist job serious record safe.,235.19
P0294,Company By Spor,Sports & Outdoors,Oil such interview follow five condition century.,384.61
P0295,Chance Big Clot,Clothing,Size washable shoes size running running jacket running shirt.,304.92
P0296,Last Sign Home,Home & Kitchen,Need meet collection out always.,390.01
P0297,Sign Relate Clot,Clothing,Jeans shoes size cotton jacket shoes washable washable size shoes running.,482.54
P0298,Near Friend Home,Home & Kitchen,Why sound season develop. Force medical everybody piece.,291.45
P0299,Fear Catch Spor,Sports & Outdoors,Success produce there along play. Early only the.,290.02
P0300,Husband Program Toys,Toys,Play become might rich degree.,201.34
P0301,Someone South Book,Books,Doctor give most west there subject themselves property.,42.62
P0302,Treat Middle Book,Books,Information language easy interesting computer.,55.44
P0303,Arm Executive Spor,Sports & Outdoors,Include dog fact medical three situation article sign.,425.9
P0304,Notice Again Pet ,Pet Supplies,Rock fund stand final important occur coach.,403.74
P0305,Color Whether Pet ,Pet Supplies,Sort bed relate. Short need pressure million gun cup.,392.4
P0306,End Along Beau,Beauty & Personal Care,Former democratic safe vote already after.,268.71
P0307,Again Administration Beau,Beauty & Personal Care,Seek spend help husband stand.,39.13
P0308,Part Market Beau,Beauty & Personal Care,Painting charge save society create paper fine.,11.26
P0309,Local Door Toys,Toys,Fact behavior whom night low traditional.,412.05
P0310,Material Necessary Home,Home & Kitchen,Window however discussion have none poor forward.,219.59
P0311,Reach Eat Beau,Beauty & Personal Care,Set arrive management in scientist strong already.,319.61
P0312,Left True Heal,Health,Leave lot never science run TV.,355.12
P0313,Up Require Toys,Toys,Although interest color sort.,92.19
P0314,Give Within Auto,Automotive,Mission past he practice center.,482.91
P0315,Phone Close Spor,Sports & Outdoors,Clearly resource listen fish. Change attack with find.,309.88
P0316,Could Everyone Auto,Automotive,Go next difficult pick. Ever star test once figure.,388.45
P0317,Able Step Heal,Health,Bill someone onto she form sign option.,220.61
P0318,Staff Image Pet ,Pet Supplies,Writer before sound chair close. Follow time appear.,137.86
P0319,Reveal Camera Book,Books,Great stuff first back painting degree coach.,416.21
P0320,Small Action Home,Home & Kitchen,Tonight present concern term talk side generation.,143.07
P0321,Information Animal Heal,Health,Kind moment accept financial behind.,125.71
P0322,American Hope Heal,Health,Ever arm occur air responsibility.,287.08
P0323,Arrive Life Toys,Toys,Party require relationship.,171.52
P0324,Hit Name Heal,Health,Fire teach everyone system.,426.22
P0325,More Choose Clot,Clothing,Running washable shoes jacket cotton shoes.,246.34
P0326,Believe Court Beau,Beauty & Personal Care,Base kitchen every cup measure. Play success wait find.,399.93
P0327,Sing Cause Beau,Beauty & Personal Care,Control option whole short. Design hear ball.,143.43
P0328,Less Everything Pet ,Pet Supplies,Apply relationship concern cell firm.,352.09
P0329,Scientist Leader Spor,Sports & Outdoors,Majority official give politics.,280.12
P0330,Business Nation Auto,Automotive,Position radio eye garden why necessary.,474.29
P0331,Commercial Manage Home,Home & Kitchen,Cost cause only head help open almost red.,124.47
P0332,Woman Understand Toys,Toys,Control against speak lead office itself human.,246.85
P0333,Decide Out Book,Books,Shake too medical inside similar.,346.85
P0334,Toward Democrat Heal,Health,Candidate four whether wife. Society center get how leave.,226.85
P0335,Relate However Elec,Electronics,Wireless battery LED charger screen smart screen smart LED LED usb-c.,51.06
P0336,More Test Book,Books,Star room interesting hour author.,205.18
P0337,Already Every Book,Books,Particular seem trip. Catch could deep itself fund.,156.57
P0338,Career Paper Pet ,Pet Supplies,Conference huge military blood south get.,187.67
P0339,Statement Material Auto,Automotive,Himself lawyer main whether I side field.,267.81
P0340,Decade Myself Toys,Toys,Such will born condition interest service.,498.33
P0341,Heavy Key Auto,Automotive,Road lawyer any example business majority happen threat.,168.74
P0342,Walk Face Heal,Health,Land fear along. Ground already school eat.,139.1
P0343,Blood Idea Spor,Sports & Outdoors,Will ready each stay strong run.,119.12
P0344,Student Dark Book,Books,Woman bad until see institution against wear.,161.2
P0345,Inside Where Auto,Automotive,End field method take during sometimes hear.,475.68
P0346,Prove Friend Clot,Clothing,Jacket size washable cotton washable fit size shirt.,99.81
P0347,Number Improve Heal,Health,Determine adult foot as.,141.87
P0348,Owner Bar Pet ,Pet Supplies,Upon actually future get know left sea.,488.42
P0349,Federal Only Auto,Automotive,Main world bar security morning fight seem later.,300.41
P0350,Simple Institution Home,Home & Kitchen,Writer heart Mrs her we but how.,417.15
P0351,Window Listen Spor,Sports & Outdoors,Impact seem industry out floor guy black.,117.6
P0352,Identify Partner Clot,Clothing,Running fit size jeans washable jeans fit running.,154.62
P0353,Enjoy Compare Auto,Automotive,Wind improve player peace catch people.,67.66
P0354,Marriage Write Elec,Electronics,Led LED usb-c wireless LED cable screen 4k bluetooth usb-c smart cable battery.,487.28
P0355,Put Bring Auto,Automotive,Follow fall thus debate leave.,149.61
P0356,Ever Use Clot,Clothing,Shoes shoes running size jacket cotton jacket jacket washable jeans jeans washable shoes.,320.75
P0357,Within Much Heal,Health,Building since positive move agency lose rise.,55.78
P0358,Bill Girl Elec,Electronics,Led smart bluetooth bluetooth battery charger cable bluetooth bluetooth smart screen usb-c cable battery.,289.16
P0359,Sort Challenge Heal,Health,Leader remember sell serious.,241.96
P0360,Even Public Beau,Beauty & Personal Care,Miss ago they nor. Fill respond nothing fight require.,96.26
P0361,Into Me Elec,Electronics,Wireless battery screen 4k battery cable cable usb-c.,129.98
P0362,Relate Your Heal,Health,Tonight win popular onto may model her unit.,61.47
P0363,What Actually Home,Home & Kitchen,Garden finally difference everything.,203.35
P0364,Arrive Likely Home,Home & Kitchen,Together scientist hair allow phone weight medical.,290.63
P0365,Significant Then Elec,Electronics,4K battery cable bluetooth usb-c charger battery cable bluetooth usb-c battery battery cable.,80.1
P0366,Perform Dinner Pet ,Pet Supplies,Town car few debate. One ok less Mr sit.,474.82
P0367,Federal Quite Home,Home & Kitchen,Maintain notice ok technology born though since crime.,496.99
P0368,Attorney Soon Home,Home & Kitchen,Enough mother game question me.,281.25
P0369,Nice Marriage Toys,Toys,Pull behind television garden reach state.,305.13
P0370,Name Matter Pet ,Pet Supplies,Range until decision public.,116.72
P0371,Accept Sound Auto,Automotive,Small sister especially usually line task field certain.,193.29
P0372,Street Idea Heal,Health,Area impact position cause lead ever.,152.19
P0373,Many Your Pet ,Pet Supplies,Newspaper school something pay key ever.,495.07
P0374,Left Wind Spor,Sports & Outdoors,Sit hope where.,286.47
P0375,Decision Or Elec,Electronics,Bluetooth bluetooth cable screen cable smart bluetooth bluetooth battery.,306.77
P0376,Former Tonight Home,Home & Kitchen,Just foreign national produce.,474.06
P0377,Quality Item Book,Books,Toward knowledge this contain life leave.,314.63
P0378,Open Statement Spor,Sports & Outdoors,How main answer more tree mention. Not yet where.,331.91
P0379,Society Baby Clot,Clothing,Jeans shoes shoes cotton running shirt running.,123.73
P0380,Ten Lay Auto,Automotive,Stand letter threat yes charge form.,42.16
P0381,City Event Elec,Electronics,Smart battery LED screen wireless screen.,207.22
P0382,Blood Agree Pet ,Pet Supplies,Once should mother president customer.,237.61
P0383,Would Wide Elec,Electronics,Led charger cable 4k usb-c screen screen battery battery screen smart battery.,119.58
P0384,White Particular Spor,Sports & Outdoors,Sign agree there want but. Agent test take decade any just.,352.98
P0385,You Loss Heal,Health,Business series build major painting see first.,40.23
P0386,Admit Face Book,Books,Account sound hundred. Great watch student its.,462.34
P0387,Coach Kind Pet ,Pet Supplies,Animal suggest concern act million cell.,332.29
P0388,Step Agree Book,Books,Company million character speak. Half understand skill air.,215.44
P0389,Majority Just Auto,Automotive,Agreement like same certain imagine much.,116.28
P0390,Mind Smile Clot,Clothing,Washable shoes shoes cotton jeans running size size jeans running jacket cotton.,454.66
P0391,Get See Clot,Clothing,Fit fit fit running size cotton cotton washable shoes cotton size fit shirt.,40.35
P0392,Western Successful Clot,Clothing,Jacket jeans shirt shoes jacket fit washable shirt shirt running cotton.,397.35
P0393,Production True Pet ,Pet Supplies,Place some woman add play structure.,375.73
P0394,Record Big Pet ,Pet Supplies,If yeah law enjoy key seat pretty.,460.99
P0395,Find Card Heal,Health,Shake enjoy site interview agent myself.,66.56
P0396,Decide Similar Spor,Sports & Outdoors,Film job worker bar term measure.,351.37
P0397,Present Draw Spor,Sports & Outdoors,Moment sister none most another mouth.,252.73
P0398,Only Relate Heal,Health,Must western interest dark. Where we fast.,221.69
P0399,Hard Avoid Pet ,Pet Supplies,Decade safe order at sense. Century state share southern.,24.73
P0400,Public Buy Toys,Toys,White everybody throughout but science.,368.59
P0401,Vote Especially Pet ,Pet Supplies,Find bill pick likely produce federal by.,128.93
P0402,True To Home,Home & Kitchen,Phone international collection report.,118.32
P0403,Heavy Because Pet ,Pet Supplies,Student white instead point tend exactly right.,295.63
P0404,Body Statement Elec,Electronics,Bluetooth charger battery smart 4k LED.,499.79
P0405,Pm Know Spor,Sports & Outdoors,Night study heart million understand him own.,290.24
P0406,Whatever Agree Clot,Clothing,Jacket cotton shirt washable jeans shoes cotton washable shoes jacket washable.,237.9
P0407,Prove Everyone Heal,Health,Note agency watch better turn. Rock support effect.,458.46
P0408,Tough Behind Clot,Clothing,Fit jacket jeans size washable washable shoes shoes.,498.49
P0409,Idea Degree Toys,Toys,Goal Mrs source whole first figure.,319.22
P0410,Believe Seek Heal,Health,Task magazine front just guess. Where follow born ok.,484.68
P0411,Discuss Else Heal,Health,Party wife food different step.,177.24
P0412,Parent View Beau,Beauty & Personal Care,Key specific certainly father who.,163.92
P0413,Scientist Employee Home,Home & Kitchen,Section religious word sound enjoy have.,429.58
P0414,Magazine Present Beau,Beauty & Personal Care,Often benefit true world remain movement bit.,208.76
P0415,Health Attention Heal,Health,Market job well commercial nice next.,147.67
P0416,Notice Responsibility Toys,Toys,Now water road require make. Worry Democrat laugh Mrs.,407.72
P0417,Behind Between Auto,Automotive,Including claim create woman similar writer structure.,23.17
P0418,Ever Interest Home,Home & Kitchen,Off we hold imagine recent catch.,160.69
P0419,Newspaper Actually Beau,Beauty & Personal Care,Dinner worry plan fund sell.,62.38
P0420,Hair Bill Toys,Toys,Force fill son.,433.13
P0421,Tell Light Elec,Electronics,4K 4k charger cable charger bluetooth bluetooth.,330.54
P0422,Clear Position Auto,Automotive,Performance very thousand. Southern find fact give.,233.68
P0423,Television Military Elec,Electronics,Usb-C usb-c 4k screen smart bluetooth 4k screen screen battery.,97.85
P0424,Office Question Beau,Beauty & Personal Care,Some among around word lose.,313.2
P0425,Follow Modern Heal,Health,Executive career shake fall phone.,314.58
P0426,Put Former Elec,Electronics,Cable LED 4k wireless usb-c screen 4k usb-c 4k.,105.76
P0427,Wait Do Auto,Automotive,Move another field. Goal Mrs statement range its.,69.85
P0428,Whole Theory Spor,Sports & Outdoors,Authority data deal policy administration two.,221.87
P0429,Action Just Heal,Health,Worker would step head study and. Out perform election two.,65.11
P0430,Cold Week Pet ,Pet Supplies,Help successful couple single effect action.,400.66
P0431,Indicate Test Clot,Clothing,Cotton jeans fit jacket running jacket jacket size size shoes size jacket.,158.82
P0432,These Important Elec,Electronics,Usb-C 4k smart bluetooth usb-c smart bluetooth battery.,278.36
P0433,Current Special Home,Home & Kitchen,Base really attack job.,116.23
P0434,Claim Your Home,Home & Kitchen,Right analysis add check teacher.,233.42
P0435,Adult Present Home,Home & Kitchen,Measure different physical from return. The attorney early.,325.62
P0436,Impact Specific Clot,Clothing,Jacket size cotton running jacket cotton cotton cotton.,251.7
P0437,Hair Provide Spor,Sports & Outdoors,Build different pick nor available power treat.,256.89
P0438,Machine Item Spor,Sports & Outdoors,Look together lawyer these difference expert room.,210.67
P0439,Describe Else Heal,Health,Surface would by phone decade image third.,490.22
P0440,Chance Many Book,Books,Republican nothing way role six.,231.11
P0441,Green Ok Clot,Clothing,Jeans jeans running running shoes washable fit.,194.88
P0442,Suddenly Decade Pet ,Pet Supplies,Process view it wall. Really history project.,256.58
P0443,Position Nice Clot,Clothing,Washable jeans shoes fit running size running.,432.69
P0444,Price Where Spor,Sports & Outdoors,Then put skin beat across television apply system.,387.47
P0445,Production Manager Toys,Toys,On stock little region face big.,173.24
P0446,Peace Rise Auto,Automotive,Ready tough wish professional chair.,137.25
P0447,Authority Cost Elec,Electronics,Usb-C 4k bluetooth charger usb-c usb-c 4k charger usb-c charger.,145.01
P0448,Nature Well Spor,Sports & Outdoors,Perhaps quality true book. Which fly represent we bar.,419.55
P0449,Five Husband Pet ,Pet Supplies,Majority town appear. Red enjoy you front evening.,499.46
P0450,Half Serve Heal,Health,Toward here along public recent.,433.3
P0451,Bad Cost Heal,Health,Need major entire tree try. South tree technology time.,271.6
P0452,Tv Give Beau,Beauty & Personal Care,Assume occur down beautiful away rich.,169.56
P0453,Rich Early Auto,Automotive,Partner argue catch truth.,191.72
P0454,Person Treatment Beau,Beauty & Personal Care,Anyone bag fly more live.,435.45
P0455,Indicate Prove Book,Books,Kind medical bag wind. Century my win record reflect.,288.04
P0456,Sense Like Book,Books,Example claim article management total.,428.73
P0457,Help Situation Toys,Toys,With purpose five.,26.61
P0458,Trouble Way Heal,Health,Have feel major national seat direction color.,354.09
P0459,Admit Include Toys,Toys,Laugh center seek information agency cause first.,196.11
P0460,Collection Method Clot,Clothing,Fit washable cotton washable size running jeans size jeans jacket washable running.,250.19
P0461,Natural Yes Elec,Electronics,Screen bluetooth usb-c cable LED bluetooth.,67.49
P0462,Career Hope Pet ,Pet Supplies,Sound indicate actually final city piece range.,169.34
P0463,Say Day Home,Home & Kitchen,Wife as language indicate decide for do.,437.72
P0464,Choose Price Heal,Health,Whole sit occur treat.,54.36
P0465,Dog Property Heal,Health,Ball make owner through when entire.,12.6
P0466,Former Point Clot,Clothing,Size shoes jeans fit size size.,207.94
P0467,School Tell Clot,Clothing,Fit shoes fit running shirt size cotton shoes jeans jeans size washable.,42.04
P0468,Write Eye Spor,Sports & Outdoors,Fear daughter fast. Prepare several bad.,172.59
P0469,Race Game Toys,Toys,Every relationship law clear campaign what buy.,326.67
P0470,Common Yard Beau,Beauty & Personal Care,Concern party set poor food series. Third argue response.,426.91
P0471,Individual Run Auto,Automotive,Begin growth ground ball gas.,193.1
P0472,Certain Month Beau,Beauty & Personal Care,Nature become debate city. Dinner argue raise agency poor.,315.27
P0473,Science Be Heal,Health,Follow series prove affect she man.,436.83
P0474,Establish Good Elec,Electronics,Charger 4k charger screen bluetooth wireless LED LED battery screen screen charger cable.,310.64
P0475,Describe Decision Book,Books,Force employee budget experience agreement.,317.42
P0476,Design Money Spor,Sports & Outdoors,Save fear ready Democrat order field less.,498.73
P0477,Tough Activity Home,Home & Kitchen,Result leader hospital send TV lose.,219.82
P0478,Everyone Loss Home,Home & Kitchen,Us field high nothing city. Happy position wife.,381.38
P0479,Agency Scientist Home,Home & Kitchen,Build PM weight society they.,224.62
P0480,Father Serve Spor,Sports & Outdoors,Look rule check assume question air market.,452.19
P0481,Scientist Middle Elec,Electronics,Battery battery LED usb-c bluetooth LED charger usb-c wireless 4k charger 4k.,165.57
P0482,Week Hot Elec,Electronics,Cable cable battery wireless screen charger 4k screen.,150.22
P0483,Lay Before Beau,Beauty & Personal Care,Must fly police imagine oil head work.,218.19
P0484,Collection Today Book,Books,Education case under population late much quite threat.,267.93
P0485,Return Security Pet ,Pet Supplies,Cause staff day really bank industry born.,342.49
P0486,Society Born Clot,Clothing,Jeans size shoes washable running jeans shoes fit washable washable.,89.14
P0487,Big Teacher Home,Home & Kitchen,Policy law strong time could. Throw wide son.,306.7
P0488,Wide Mean Toys,Toys,Age all building control simply. Attack laugh budget war.,311.76
P0489,Husband American Book,Books,Order quickly with matter goal eight list something.,251.35
P0490,Already Future Pet ,Pet Supplies,Service beautiful edge begin early store piece.,75.84
P0491,Authority Morning Heal,Health,Need region later party believe.,320.76
P0492,Glass Last Heal,Health,Leg recent hold understand. Education brother might.,131.39
P0493,Ready Western Elec,Electronics,Led usb-c wireless smart battery screen cable.,449.96
P0494,Your Point Heal,Health,Significant analysis consumer future.,451.1
P0495,Red Help Auto,Automotive,Age many some involve remain today happy.,83.2
P0496,Strategy Realize Heal,Health,Husband try trade then building class now.,472.89
P0497,Talk Certain Pet ,Pet Supplies,Old break always dark. Card reduce action art small.,153.08
P0498,Author Mean Toys,Toys,Tv team song country listen long. Common need phone teach.,346.71
P0499,Data Remain Heal,Health,Wrong authority clearly phone including personal visit.,423.43
P0500,Lead Plan Book,Books,Hospital paper term security camera past.,499.69
