user_id,name
U0001,Allison Hill
U0002,Noah Rhodes
U0003,Angie Henderson
U0004,Daniel Wagner
U0005,Cristian Santos
U0006,Connie Lawrence
U0007,Abigail Shaffer
U0008,Gina Moore
U0009,Gabrielle Davis
U0010,Ryan Munoz
U0011,Monica Herrera
U0012,Jamie Arnold
U0013,Lisa Hensley
U0014,Michele Williams
U0015,Dylan Miller
U0016,Brian Ramirez
U0017,Holly Wood
U0018,Derek Zuniga
U0019,Lisa Jackson
U0020,Carla Gray
U0021,Margaret Hawkins DDS
U0022,Patty Perez
U0023,Ethan Adams
U0024,Tommy Walter
U0025,Matthew Foster
U0026,Judy Baker
U0027,Justin Baker
U0028,Stephanie Ross
U0029,Zachary Hicks
U0030,Anthony Rodriguez
U0031,Rebecca Henderson
U0032,James Ferrell
U0033,Tricia Valencia
U0034,Nathan Maldonado
U0035,Debra Davidson
U0036,Jeffrey Chavez
U0037,Sherri Baker
U0038,Cassandra Gaines
U0039,Elizabeth Fowler
U0040,Brittany Farmer
U0041,Paula Moreno
U0042,Fred Smith
U0043,Sherry Decker
U0044,Anthony Humphrey
U0045,Angelica Tucker
U0046,Philip Cannon
U0047,John Pierce
U0048,Shane Henderson
U0049,Joshua Blair
U0050,Eric Carney
U0051,Jessica Holmes
U0052,Danny Morgan
U0053,Crystal Robinson
U0054,Mark Perez
U0055,Shannon Jones
U0056,Michael Lewis
U0057,Timothy Duncan
U0058,Richard Aguirre
U0059,Brent Jordan
U0060,John Daniel
U0061,Victoria Garcia
U0062,Gerald Hensley
U0063,Connor West
U0064,Donald Wright
U0065,Jessica Callahan
U0066,Amber Kidd
U0067,Tracy House
U0068,Carol Tucker
U0069,James Brown
U0070,William Baker
U0071,Jordan Henderson
U0072,Whitney Peters
U0073,Brittney Phillips
U0074,Lauren Daniels
U0075,Amy Silva
U0076,Sarah Moore
U0077,Angela Lopez
U0078,Megan Young
U0079,Steve Sanchez
U0080,Lisa Barnes
U0081,Kelly Donovan
U0082,Mike Allen
U0083,Michael Evans
U0084,Paul Jones
U0085,Zachary Ferrell
U0086,Daniel Baker
U0087,Shirley Suarez
U0088,Christopher Bass
U0089,Lisa Archer
U0090,Aimee Montoya
U0091,Matthew Mcmillan
U0092,Brian Rodriguez
U0093,Denise Jacobs
U0094,Christina Walters
U0095,John Whitehead
U0096,Anna Henderson
U0097,Aaron Wise
U0098,Deborah Figueroa
U0099,Jessica Smith
U0100,Stephen Mckee
U0101,Sandra Aguilar
U0102,Cameron Parker
U0103,Rebecca Valencia
U0104,Christine Wright
U0105,Richard Henson
U0106,Marc Moore
U0107,Sharon Cherry
U0108,Sierra Johnson
U0109,Evelyn Galvan
U0110,Sharon Cochran
U0111,Richard Rodriguez
U0112,Shannon Walker
U0113,Julia Torres
U0114,Crystal Johnson
U0115,Garrett Lin
U0116,Diana May
U0117,William Herrera
U0118,Ashley Waller
U0119,Victor Baker
U0120,Jeffrey Chandler
U0121,Larry Dixon
U0122,Kenneth Scott
U0123,April Frost
U0124,Michelle Harmon
U0125,Helen Jones
U0126,Erin Edwards
U0127,Michelle Evans
U0128,Jason Powell
U0129,Cameron Fisher
U0130,Megan Orr
U0131,Elizabeth Kelley
U0132,Dustin Jordan
U0133,Mary Marshall
U0134,Daniel Kennedy
U0135,Rebecca Jackson
U0136,Jose Schultz
U0137,Robert Potter
U0138,Courtney Gonzalez
U0139,David Alvarez
U0140,Angel Perry
U0141,Cheyenne Horton
U0142,David Douglas Jr.
U0143,Patricia Rodriguez
U0144,Christopher Rubio
U0145,Amber Wright
U0146,Joyce Solis
U0147,Victoria Larson
U0148,Stephanie Salazar
U0149,Kathy Rivas
U0150,Stephanie Manning
U0151,David Wright
U0152,Pamela Boyd
U0153,Denise Jones
U0154,Devon Flores
U0155,Brenda Hall
U0156,Michelle Brown
U0157,Joshua Perry
U0158,Jason Stein
U0159,Melissa Gates
U0160,Jamie Smith
U0161,Paul Castaneda
U0162,Jennifer Adkins
U0163,Lindsey Walker
U0164,Jeffrey Johnson
U0165,Michael Powell
U0166,John Anderson
U0167,Alyssa Long
U0168,Alyssa Day
U0169,Joel Williams
U0170,Daniel Murphy
U0171,Jamie Walton
U0172,Darlene Miller
U0173,Joshua Cooke
U0174,Matthew Harrington
U0175,Nicole Herring
U0176,Alex Hernandez
U0177,Michael Elliott
U0178,Michael Wang
U0179,Lawrence Adkins
U0180,Robert Oconnell
U0181,Alexander Collins
U0182,Tina Sanders
U0183,Angela Vaughn
U0184,Ashley Barton
U0185,Lindsay Martinez
U0186,Dr. Hannah Patterson
U0187,Jonathan Peterson
U0188,Samantha Garcia
U0189,Madison Poole
U0190,Jessica Gross
U0191,Debra Morton
U0192,Karen Graham
U0193,Debra Christian
U0194,Angelica Keith
U0195,John Bishop
U0196,Allen Rosales
U0197,Daniel Salinas
U0198,Spencer Haynes
U0199,Adam Vaughan
U0200,Nathan Freeman
U0201,Melissa Brewer
U0202,Ricky Davis II
U0203,Elizabeth Perkins
U0204,Joseph Coleman
U0205,Erin Warner
U0206,David Martinez
U0207,Bryan Herrera
U0208,Cathy Robinson
U0209,Dr. William Warren
U0210,Brian Lee
U0211,Christopher Smith
U0212,Denise Mccann
U0213,Melissa Martinez
U0214,Katherine Salas
U0215,Julie Alexander
U0216,Anthony Everett
U0217,Rodney Morales
U0218,Mark Brown
U0219,Justin Torres
U0220,Bailey Duran DDS
U0221,Courtney Mills
U0222,Jeremy Dalton
U0223,Elizabeth Oliver DDS
U0224,Theresa Clark
U0225,Matthew Moore
U0226,Benjamin Smith
U0227,Kirk Carter
U0228,Michael Warner
U0229,Michael Bradshaw
U0230,Lori Guerrero
U0231,Jessica Stephens
U0232,Susan Serrano
U0233,Christopher Parker
U0234,Laura Roberts
U0235,Michael Lyons
U0236,Kathryn Snyder
U0237,Andrew Reynolds
U0238,David Davis
U0239,Sara Johnston
U0240,Yvonne Chambers
U0241,Andrew Avila
U0242,Matthew Moon
U0243,Kevin Walters
U0244,Brandon Bailey MD
U0245,Shannon Rivera
U0246,Donna Landry
U0247,Krista Gibson
U0248,Frank Cordova
U0249,Jose Travis
U0250,Kimberly Gutierrez
U0251,Isaiah Avila
U0252,Olivia Harris
U0253,Tanya Kim
U0254,Barbara Dudley
U0255,Cynthia Moore
U0256,Kristen Davis
U0257,Susan Murray MD
U0258,Kathleen Moran
U0259,Denise Davenport
U0260,Mrs. Kristen Reyes
U0261,Katie Suarez
U0262,Desiree Tyler
U0263,Timothy Romero
U0264,Diane Evans
U0265,Yvonne Burns
U0266,Joshua Reed
U0267,Kimberly Gibson
U0268,Colin Terry
U0269,Cynthia Rowe
U0270,Patrick Thornton
U0271,Jasmin Alvarado
U0272,Veronica Simpson
U0273,Jonathan Lawrence
U0274,Shelly Alexander
U0275,Joyce Bowen
U0276,Matthew Moore
U0277,Wayne Morgan
U0278,Marie Christian
U0279,Shannon James
U0280,Nathan Malone
U0281,Amanda Jones
U0282,Tammie Bright
U0283,Jessica Garcia
U0284,Shelia Wallace
U0285,Stephanie Williams
U0286,Elaine Brooks
U0287,Joseph Knight
U0288,Carolyn Miller
U0289,Lisa Allen
U0290,Briana Murray
U0291,David Smith
U0292,Stephanie Byrd
U0293,Jeremy Reed
U0294,Margaret Coleman
U0295,Ryan Gonzalez
U0296,John Young
U0297,Laura Haney
U0298,William Barrett
U0299,Keith Jennings
U0300,Amber Obrien
U0301,Tanner Mitchell DDS
U0302,Heather Fields
U0303,Megan Le
U0304,Sara Fuller
U0305,Maria Parker
U0306,Kevin Oconnor
U0307,Edward Burgess
U0308,Carlos Ryan
U0309,Kiara Mcintyre
U0310,Dawn Summers
U0311,Dr. Paul Morgan
U0312,Victor Taylor
U0313,Shannon Ramsey
U0314,Tracy Ballard
U0315,Richard Smith
U0316,Jordan Chambers
U0317,Lauren Carson
U0318,Ashley Hall
U0319,Stephen Hoffman
U0320,Connie Brown
U0321,Susan Turner
U0322,Charles Shah
U0323,Johnathan Davis
U0324,Brandy Chavez
U0325,Natalie Bautista
U0326,Patrick Moore
U0327,Brett Burns
U0328,Trevor Johnson
U0329,Jeremy Sampson
U0330,Ariana Jennings
U0331,Vanessa Howard
U0332,Colton Martinez
U0333,Jordan Bates
U0334,Linda Smith
U0335,Dana Martinez
U0336,Andrea Hubbard
U0337,Daniel Kane
U0338,Charles Lester
U0339,Scott Thomas
U0340,David Thompson
U0341,Allison Smith
U0342,Cynthia Morris
U0343,Anthony Harmon
U0344,Nichole Alvarez
U0345,Kayla Rodriguez
U0346,Theresa Williams
U0347,Sharon Boyd
U0348,Victor Brown
U0349,James Parks
U0350,Theodore Jones Jr.
U0351,Ana Hill
U0352,Kimberly Nguyen
U0353,Kerry Chavez DDS
U0354,Michael Farrell
U0355,Patricia Le
U0356,Jesse Perez
U0357,Jesse Perry
U0358,Jeffery Ortega
U0359,Christian Leblanc
U0360,Ronald Davis
U0361,Parker Cain
U0362,Laurie Hoffman
U0363,Bryan Gomez
U0364,Nicole Parrish
U0365,Tracy Burke
U0366,Kenneth Lewis
U0367,Courtney Rodriguez
U0368,Holly Farmer
U0369,Renee Bruce
U0370,Sabrina Austin
U0371,Allison Hickman
U0372,Debra White
U0373,Ellen Morgan
U0374,Sergio Knight
U0375,Charles Schultz
U0376,Paul Lewis
U0377,Glen Wood
U0378,Paula Bradley
U0379,Anthony Moore
U0380,Megan Nelson
U0381,Karla Ramos
U0382,Paul Wilson
U0383,Douglas Gregory
U0384,Mr. Andrew Foster
U0385,Aimee Turner
U0386,Chad Scott
U0387,Adam Burgess
U0388,James Padilla
U0389,Sandra Drake
U0390,Scott Williams
U0391,Thomas Atkins
U0392,Laura Mckinney
U0393,Brian Smith
U0394,Robert Montgomery
U0395,Tamara Davis
U0396,Dana Chapman
U0397,Jennifer Collins
U0398,Gary Jackson
U0399,Ashley Hicks
U0400,Hannah Luna
U0401,Robin Young
U0402,Craig Morrison
U0403,Mary Thompson
U0404,Kathleen Webster
U0405,Joann Glass
U0406,Madison Weber
U0407,Lori Hernandez
U0408,Jeremy Turner
U0409,Anthony Romero
U0410,Jesse Brown
U0411,Angela Lin
U0412,Lisa Hunter
U0413,Julian Conner
U0414,Joanna Pacheco
U0415,Erica Alvarez
U0416,Antonio Garcia
U0417,Gwendolyn Klein
U0418,Carrie Wright
U0419,Jeffrey Mills
U0420,Jake Campbell
U0421,George Harper
U0422,Maria Jones
U0423,Michael Mitchell
U0424,Mary Escobar
U0425,Felicia Aguilar
U0426,Gregory Ponce
U0427,Jenna Larson
U0428,Emily Bennett
U0429,Robin Santiago
U0430,Nancy Jennings
U0431,Maria Henderson
U0432,Jack White
U0433,Travis Tucker
U0434,Chad Jones
U0435,Ashley Wise
U0436,Sophia Johnson
U0437,Ralph Anderson
U0438,Christopher Guerra
U0439,Rhonda Martin
U0440,Jason Rhodes
U0441,Jeremy Mitchell
U0442,Joann Ferguson
U0443,Robert Harrison
U0444,Holly Valentine
U0445,Mrs. Diane Reyes
U0446,Tracy Montoya
U0447,Brenda Wright
U0448,Shelly Spencer
U0449,Ryan Rosales
U0450,Phillip Nelson
U0451,Brittany Kim
U0452,Courtney Hayes
U0453,Alexander Brown
U0454,Cynthia Vang
U0455,Alfred Galvan
U0456,Marie Moody
U0457,Dustin Gallegos
U0458,Brenda Thornton
U0459,Aaron Miller
U0460,Ruben Dunn
U0461,Kelsey Rodriguez
U0462,Eric Williams
U0463,Riley Bryant
U0464,Taylor Carlson
U0465,Jose Allen
U0466,Jeffrey Mendez
U0467,Jason Beck
U0468,William Jones
U0469,Katie Mcneil
U0470,Jeanette Harrison
U0471,Veronica King
U0472,Richard Cooper
U0473,Lori Ingram
U0474,Evelyn Williams
U0475,Robin Thompson
U0476,Julie Dominguez
U0477,Robin Brown
U0478,Judith Carter
U0479,Curtis Williams
U0480,Kaylee Hays
U0481,Dawn Mullins
U0482,Howard Norman
U0483,Evelyn Martinez
U0484,Steve Paul
U0485,Jasmine Beltran
U0486,Jonathan Glass MD
U0487,Monica Miller
U0488,Samantha Gardner
U0489,Bobby Guerrero
U0490,Lance Simmons
U0491,Heather Williams
U0492,Heather Bolton
U0493,William Gould
U0494,Mark Cox
U0495,Meghan Cisneros
U0496,Lawrence Harrington
U0497,Austin Osborne
U0498,James Bradley
U0499,Meghan Rush
U0500,Phillip Berry
U0501,Jennifer Banks
U0502,Brian Fitzgerald
U0503,Mr. Justin Green III
U0504,Zachary Mitchell
U0505,Katherine Martinez
U0506,Jodi Roach
U0507,Brandon Fleming
U0508,Emma Reed
U0509,Joshua Vance
U0510,Michelle Ho
U0511,Rebecca Hicks
U0512,Curtis Taylor
U0513,Allison Spencer
U0514,Robert Arnold
U0515,Angelica Parker
U0516,Dr. Kelly Hammond DVM
U0517,William Day
U0518,Michael Cooper
U0519,Penny Bowman
U0520,Vincent Reynolds
U0521,Amy Martinez
U0522,Christopher Morris
U0523,Hannah Everett
U0524,Sarah King
U0525,Krista Martinez
U0526,Joseph Shaw
U0527,Todd Moore
U0528,Michelle Jacobs
U0529,Kristy Bryan
U0530,Angel May
U0531,Marilyn Wang
U0532,Mark Jimenez
U0533,Donna Frye
U0534,Dr. Michael Evans
U0535,Anthony Gonzales
U0536,Mr. Lawrence Edwards
U0537,Morgan Valencia
U0538,Bianca Wood
U0539,Emma Owens
U0540,David Davis
U0541,James Gilbert
U0542,Sean Moore
U0543,Kenneth Edwards
U0544,Kathleen Robertson
U0545,Mr. Alexander Landry MD
U0546,Cindy Gomez
U0547,Johnny Khan
U0548,Julie Herrera
U0549,Jessica Khan
U0550,Pamela Diaz
U0551,Kelly Lee
U0552,Angel Gordon
U0553,Diana Hays
U0554,Barbara Hester
U0555,Robert Morgan
U0556,Nicole Gonzalez
U0557,Kathryn Williams
U0558,Gary Wells
U0559,Larry Robertson
U0560,Louis Martin
U0561,Nancy Evans MD
U0562,Kim Erickson
U0563,Robert Richardson
U0564,Veronica Silva
U0565,Molly Watts
U0566,John Coffey
U0567,Paula Lane
U0568,Lauren Jackson
U0569,Lisa Randall
U0570,Michael Johnson
U0571,Ashley Smith
U0572,Christian Vaughn
U0573,Reginald Knapp
U0574,Nancy Brown
U0575,Daniel Nguyen
U0576,Kelly Edwards
U0577,Thomas Peterson
U0578,Raymond Le
U0579,Melissa Bishop
U0580,David Grant
U0581,William Evans
U0582,Daniel Bush
U0583,Gregory Peck
U0584,Denise Martinez
U0585,Jamie Baird
U0586,Tina Ballard
U0587,Dwayne Klein
U0588,Jeremy Scott
U0589,Dale Ryan
U0590,Melissa Taylor
U0591,Laurie Sanchez
U0592,Kiara Little
U0593,Jason Love
U0594,Randy Smith
U0595,Tanya Russell
U0596,Sherry Woods
U0597,Victor Morris
U0598,Susan Davis
U0599,Kimberly Sharp
U0600,Susan Thompson
U0601,Casey Gillespie
U0602,Jennifer Simpson DVM
U0603,Tammy Mcdowell
U0604,Keith Rodriguez
U0605,Mrs. Virginia Daniels
U0606,Todd Rosales MD
U0607,Brian Martin
U0608,David Lopez
U0609,Rachel Bradley
U0610,Casey Chase
U0611,Samantha Robertson
U0612,Michael Lopez
U0613,Franklin Wright
U0614,David Molina
U0615,Elizabeth Sharp
U0616,Matthew Schwartz
U0617,Bryan Parker
U0618,Jonathan Jacobson
U0619,Emily Wilson
U0620,Elizabeth Mendez
U0621,Casey Hernandez
U0622,Lisa Perry
U0623,Kaitlin Medina
U0624,Colleen Wright
U0625,Shelley Miller
U0626,Michael Miller
U0627,Amy Kelley
U0628,Laura Hernandez
U0629,Joseph Wilson
U0630,Kevin Davis
U0631,Rhonda Chavez
U0632,Joyce Brown
U0633,Robert Cummings
U0634,Robert Reese
U0635,Amber Cooper
U0636,Zachary Michael
U0637,Timothy Johnson
U0638,Randy Cannon
U0639,Maria Fisher
U0640,Janet Kane DVM
U0641,Michael Stanley
U0642,Martha Bailey
U0643,Joshua Rice
U0644,Courtney Smith
U0645,Edwin Nunez
U0646,Kim Morrow
U0647,Gregory Hill
U0648,Molly Rodriguez
U0649,Jennifer Miranda
U0650,Alexis Harris
U0651,Andrew Harper
U0652,Amber Yang
U0653,David Robinson
U0654,Amy Gordon
U0655,Robert Dennis
U0656,Kyle Chambers
U0657,Eric Thomas
U0658,Connie Turner
U0659,Travis Hobbs
U0660,Lori Simmons
U0661,William David DDS
U0662,Emma Butler
U0663,James Webster
U0664,Samuel Turner
U0665,Renee Melendez
U0666,Tracy Grant
U0667,David Harris
U0668,Tammy Boone
U0669,Nathaniel Lee
U0670,Michael Morrison
U0671,Chelsea Gill
U0672,Kristin Mendoza
U0673,Felicia Krueger
U0674,Timothy Hayden
U0675,Zachary Mendoza
U0676,Larry Harris
U0677,Kristen Rowe
U0678,Joseph Howard
U0679,Jose Crawford
U0680,William Harrison
U0681,Suzanne Wood
U0682,Justin Walker
U0683,Dean Donovan
U0684,Jennifer Hernandez
U0685,James Whitaker
U0686,Mr. Michael Scott PhD
U0687,Maria Henry
U0688,Robert Jackson
U0689,Katherine Stark
U0690,Maria Brown
U0691,Ryan Landry
U0692,Pamela Gutierrez
U0693,Crystal Mann
U0694,Jonathan Brooks
U0695,Mary Jensen
U0696,Mr. Aaron Arnold
U0697,Joseph Hill
U0698,Alicia Li
U0699,Renee Browning
U0700,Brent Hernandez
U0701,Joseph Ochoa
U0702,James Watson
U0703,Karl Branch
U0704,Michael Abbott
U0705,Shannon Malone
U0706,James Tran
U0707,Adam Jackson
U0708,Mr. Richard Knight PhD
U0709,Joseph Williams
U0710,Sean Clay
U0711,Anthony Jones
U0712,Stephanie Elliott
U0713,Timothy Edwards
U0714,Laurie Goodwin
U0715,Jennifer Jones
U0716,David Davenport
U0717,Steven Rivera
U0718,Brenda Hinton
U0719,Kathryn Mccann
U0720,Jeffrey Roberson
U0721,Randy Friedman
U0722,Raymond Johnson
U0723,Willie Henry
U0724,Todd Reynolds
U0725,Mary Miller
U0726,Rebecca Marquez
U0727,Christian Dawson
U0728,Nancy Stewart
U0729,Aaron Parker
U0730,Derrick Anderson
U0731,Jerry Peters
U0732,Alexander Gomez
U0733,Kyle Nguyen
U0734,Edgar Hughes
U0735,Steven Stein
U0736,Laura Jackson
U0737,Charles Turner
U0738,Arthur Hamilton MD
U0739,Mr. David Wright
U0740,Linda Gonzalez
U0741,Eric Rush
U0742,Manuel Brock
U0743,George Ochoa
U0744,Valerie Taylor
U0745,Travis Harris
U0746,Vincent Novak
U0747,Michael Henry
U0748,Dana Bennett
U0749,Jenna Wilson
U0750,Leslie Gardner
U0751,Krista Benton
U0752,Michael Gonzales
U0753,Michael Fuentes
U0754,Jennifer Porter
U0755,Dana Hopkins
U0756,Rachel Jones
U0757,Karen Morales DDS
U0758,Melissa Stephens
U0759,Heather Woodard
U0760,Margaret Miller
U0761,Mary Kelly
U0762,Amanda Terrell
U0763,Jennifer Goodwin
U0764,Jessica Smith
U0765,Jorge Stone
U0766,Laura Griffin
U0767,Raymond Chapman
U0768,Haley Johnson
U0769,Jason Nixon
U0770,Todd Thomas
U0771,Jesse Clark
U0772,Mr. Jeffrey Horton
U0773,Eric Patrick
U0774,Samuel Wong
U0775,Carly Riggs
U0776,Christopher Moore
U0777,Tina Hall
U0778,Cody Davidson
U0779,Allen Mendez
U0780,Kevin Price
U0781,Christine Goodwin
U0782,Amy Garcia
U0783,Chelsea Nguyen
U0784,Dennis Huffman
U0785,Margaret Harper
U0786,Laurie Bailey
U0787,Lisa Cervantes
U0788,Elizabeth Mendez
U0789,Cesar Wilson
U0790,Clayton Steele
U0791,Jennifer Taylor
U0792,Cody Reid
U0793,Maria Cooke
U0794,Katherine Taylor
U0795,Jerry Brown
U0796,Adam Taylor
U0797,Tracey Wagner
U0798,Michael Perry PhD
U0799,Bradley Johnson DDS
U0800,Donald Medina
U0801,Jim Newton
U0802,Krista Wilson
U0803,Reginald Morrow
U0804,Rodney Williams
U0805,Kimberly Fritz
U0806,Ronald Potter
U0807,Zachary Cole
U0808,Robert Gonzales
U0809,Patricia Young PhD
U0810,Heather Page
U0811,Carol Taylor
U0812,Daniel Brown
U0813,Douglas Ryan
U0814,Michael Roberts
U0815,Scott Duke
U0816,Anna Estes
U0817,Tamara Riddle
U0818,Beth Cline
U0819,Michael Poole
U0820,Megan Burns
U0821,Debra Perry
U0822,Mark Beard
U0823,Jose Ramirez
U0824,Jackie Clements
U0825,Aaron Schroeder
U0826,Monica Ellis
U0827,Heather Brown
U0828,Claudia Jordan
U0829,Derrick Clayton
U0830,Kenneth Knight
U0831,Mr. Michael Williams
U0832,Richard Stevens
U0833,Scott Alexander
U0834,Tyler Harris
U0835,Bonnie Santos
U0836,Timothy Hill
U0837,Danielle Watson
U0838,Carol Sanders
U0839,Michael Young
U0840,Michele Smith
U0841,Casey Perez
U0842,Alexandra Dominguez
U0843,Virginia Henderson
U0844,Benjamin Reyes
U0845,Ashley Edwards
U0846,Breanna Ayala
U0847,Brandi Haney
U0848,Joseph Smith
U0849,Jessica Bowen
U0850,Brittany Jenkins
U0851,Shannon Miller
U0852,Paul Lawrence
U0853,Victor Edwards
U0854,Donald Miller
U0855,Lindsay Lawson
U0856,Melissa Abbott
U0857,Elizabeth Holmes
U0858,Nicole Phillips
U0859,Steven Blevins
U0860,Brian Porter MD
U0861,Vanessa Hatfield
U0862,Bonnie Valencia
U0863,Holly Vega
U0864,Tiffany Townsend
U0865,Austin Baker
U0866,Antonio Mccormick
U0867,Lori Mason
U0868,Michael Miller
U0869,Lisa Ramirez
U0870,Jorge Harris
U0871,Kimberly Myers
U0872,Sandra Becker
U0873,Michael Blair
U0874,Amy Miller
U0875,Jesse Lynch
U0876,Patrick Yang
U0877,Michael Miles
U0878,Troy Mills
U0879,Michelle Jackson
U0880,Richard Adams
U0881,Patricia Johnson
U0882,Denise Brown
U0883,Laura Jones
U0884,Ian Porter
U0885,Holly Scott
U0886,Kenneth Sharp
U0887,Jordan Williams
U0888,Dana Ruiz
U0889,Chris Velazquez
U0890,Kristen Sloan
U0891,Jennifer Morris
U0892,Nathan Nelson
U0893,Jake Shaw
U0894,Cassie Brock
U0895,Dr. Andrea Marshall
U0896,Ryan Murphy
U0897,Aimee Gonzalez
U0898,Elizabeth Dean
U0899,Kevin Snyder
U0900,Christie Mccullough
U0901,Danielle Smith
U0902,David Reed
U0903,Sherry Tapia
U0904,Matthew Sweeney
U0905,Ashley Moreno
U0906,Johnathan Brown
U0907,Michelle Davis DVM
U0908,Kelly Haynes
U0909,William Miller
U0910,Casey Wilkins
U0911,Keith Graham
U0912,Cynthia Green
U0913,Robert Haynes
U0914,Emily Nelson
U0915,Dale Chan
U0916,Brittney Martin
U0917,Jason Herrera
U0918,Christine Parker
U0919,Bryan Moore
U0920,Samantha Terry
U0921,Russell Murphy
U0922,David Kelly
U0923,Megan Green
U0924,Amanda Sullivan MD
U0925,Danielle Murray
U0926,Brenda Smith
U0927,Vickie Anderson
U0928,Jacqueline Mccoy
U0929,Lauren Green
U0930,Alison Brown
U0931,Jill Anderson
U0932,Sandra Rivera
U0933,Joel Jackson
U0934,Samantha Foster
U0935,Michael Thompson
U0936,Cody Ramirez
U0937,Amanda Harvey
U0938,Edward Jenkins
U0939,Amy Ramirez
U0940,Curtis Wilkerson
U0941,Lydia Pham
U0942,Virginia Casey
U0943,Joshua Washington
U0944,Kathryn Price
U0945,Francis Robinson
U0946,Paula Brown
U0947,Kendra Wang DVM
U0948,Ariel Sandoval
U0949,Robert Stark
U0950,Zachary Robinson
U0951,Rebecca Kelly
U0952,Sarah Thompson
U0953,Renee Wolfe
U0954,Alyssa Haynes
U0955,Kristy Hart
U0956,William Keith
U0957,Eric Henry Jr.
U0958,Daniel Fox
U0959,Thomas Harris
U0960,Mitchell Sellers
U0961,Erica Johnson
U0962,Sylvia Schroeder
U0963,Shannon Yu
U0964,Tom Foster
U0965,Eric Taylor
U0966,Travis Conner
U0967,Marie Thompson
U0968,Melissa Mcfarland
U0969,Courtney Chapman
U0970,Eric Barker
U0971,Nicholas Rush
U0972,Jenna Gamble
U0973,Amanda Guzman
U0974,Tracy Walker
U0975,Taylor Taylor
U0976,Cynthia Haas
U0977,Stephen Davis
U0978,Margaret Tanner
U0979,Derek Wright
U0980,David Rodriguez
U0981,James Oconnor
U0982,Stacey Snyder
U0983,Joshua Garcia
U0984,Sean Curtis
U0985,Carla Jones
U0986,Elizabeth Flores
U0987,Angela Jackson
U0988,Nicholas Payne
U0989,Anna Wheeler
U0990,Karen Johnson
U0991,Carmen Preston
U0992,Brian Harris
U0993,Michael Bowen
U0994,Deborah Campbell
U0995,Anthony Armstrong
U0996,Brittany Ward
U0997,Edward Stanley
U0998,Christina Johnson
U0999,Edgar Miller
U1000,Elizabeth Sanders
U1001,Matthew Davis MD
U1002,Stephen Wood
U1003,Dennis Marshall
U1004,Derrick Brown
U1005,Mary Miller
U1006,Joshua Arellano
U1007,Kristen Randall
U1008,Jennifer Nichols
U1009,Karen Keith
U1010,Blake Orr
U1011,Kathryn Lester
U1012,Megan Oliver
U1013,Peter Thompson
U1014,Dr. Rhonda Martinez
U1015,William Graham
U1016,Lori Flowers MD
U1017,Suzanne Jones
U1018,James Nguyen
U1019,Jimmy Marks
U1020,Lisa Mills
U1021,Jason Hernandez
U1022,Olivia Ayers
U1023,Kristine Garcia
U1024,Joseph Cooper
U1025,James Washington
U1026,Amanda Hill
U1027,Lee Steele
U1028,Steve Rivera
U1029,Patrick Mccall
U1030,Alicia Roth
U1031,Douglas Vasquez
U1032,Annette Melton
U1033,William Ramos
U1034,Debra Butler
U1035,Chelsea Lewis
U1036,Natalie Malone
U1037,Samantha Robertson
U1038,Eric Hunter
U1039,Samuel Suarez
U1040,Corey Whitaker
U1041,Danielle Bryant
U1042,Michele Hill
U1043,Kathy Reid
U1044,Andre Watson
U1045,Cassandra Harrell
U1046,Hannah Martin
U1047,Nicole Barker
U1048,James Martin
U1049,Traci Vincent
U1050,Megan Adams
U1051,Alejandro Deleon
U1052,Alexa Buck
U1053,Lindsay Smith
U1054,Robert Torres
U1055,Maria Coleman
U1056,Gregory King
U1057,Michael Holloway
U1058,Brian Hunt
U1059,Sarah Brooks
U1060,Lisa Evans
U1061,Arthur Mcneil
U1062,Shannon Green
U1063,Stephanie Evans
U1064,Ralph Yoder
U1065,Rebekah Greene
U1066,Melanie Griffith
U1067,Yolanda Green
U1068,James Johnson
U1069,Laura Lee
U1070,Courtney Nichols
U1071,Susan Powers
U1072,Sarah Pittman
U1073,Catherine Davis
U1074,David Stokes
U1075,Catherine Frazier
U1076,Brandon Kelly
U1077,Elizabeth French
U1078,David Carter
U1079,Julie Delacruz
U1080,Terry Jones
U1081,Kathryn Dillon
U1082,Edwin Brown
U1083,Brenda Gonzalez
U1084,Keith Knox
U1085,Eugene Baldwin
U1086,Katherine Welch
U1087,Mark Smith
U1088,Philip Jackson
U1089,Katherine Gallagher
U1090,Lucas Schultz
U1091,Vincent Reyes
U1092,Curtis Watson
U1093,Frank Whitaker
U1094,Michael Sims
U1095,Michael Cooper
U1096,James Chapman
U1097,Rodney Evans
U1098,Nicholas Carlson
U1099,Stephen Cowan
U1100,Steven Howard
U1101,Travis Hull
U1102,Darryl Acosta
U1103,Nicholas Lawrence
U1104,Jacob Santos
U1105,Shawn Scott
U1106,Amber Vang
U1107,Martha Smith
U1108,Jennifer James
U1109,Kara Hernandez
U1110,Lorraine Turner
U1111,Mary Nelson
U1112,Breanna Rivas
U1113,Nathan Wilson
U1114,Brian Gonzalez
U1115,Dennis Mills
U1116,Michael Phillips
U1117,Jon Clark
U1118,Erin Smith
U1119,Susan Conley
U1120,Brittany Davis
U1121,Misty Garcia
U1122,David Hinton
U1123,John Garcia
U1124,Andrew Roberts
U1125,Emily Rodgers
U1126,Peter Williams
U1127,Mary Jackson
U1128,Jeffrey Howell
U1129,Anna Briggs
U1130,James Rivers
U1131,James Jefferson
U1132,Mariah Robles
U1133,Michael Brown
U1134,Caitlin Perry
U1135,Rebekah Gregory
U1136,James Howard
U1137,Michael Roberson
U1138,Bianca Knapp
U1139,Jason Williams
U1140,Ernest Bush
U1141,Patricia Ray
U1142,Vanessa Santiago
U1143,Joseph Haynes
U1144,Matthew Wright
U1145,Michael Cruz
U1146,Kristin Huerta
U1147,Mason Moore
U1148,Sarah Booth
U1149,John Allen
U1150,Amber Walker
U1151,Jennifer Young
U1152,Robert West
U1153,Jillian Wilson
U1154,Matthew Garcia MD
U1155,April Davis
U1156,Lisa Torres
U1157,Christine Powers
U1158,Heidi Brown
U1159,Jesse Castro
U1160,Kara Sandoval
U1161,Ashley Malone
U1162,Glenn Gallegos
U1163,Dorothy Boyd
U1164,Amber Martin
U1165,Mitchell Griffith
U1166,Levi Lopez
U1167,Jenna Bryant
U1168,Michelle Rodriguez
U1169,Timothy Monroe
U1170,Patricia Hayes
U1171,Tina Taylor
U1172,Mr. Anthony Mcconnell PhD
U1173,Mr. Thomas Thompson
U1174,Monica Anderson
U1175,Kyle Andrade
U1176,Janice Petty
U1177,Pamela Hill
U1178,Tracy Chavez
U1179,Jason Graves
U1180,Elizabeth Miles
U1181,Michelle Walls
U1182,Christina Weber
U1183,Gregory Chambers
U1184,Miss Tina Gordon
U1185,Erica Wilson
U1186,John Duncan
U1187,Jennifer Adkins
U1188,Donna Boone
U1189,Kelly Johnson
U1190,Michael Gonzalez
U1191,Candace Mitchell
U1192,Ryan Vaughn
U1193,Paul Johnson
U1194,Ashley Parrish
U1195,Sharon Newton
U1196,Cynthia Mueller
U1197,Donna Beck
U1198,Jasmine Frye
U1199,Emily Arnold
U1200,David Oliver
U1201,Sheila Greer
U1202,Michele Holland
U1203,Kimberly Morrison
U1204,Tracey Phillips
U1205,Michael Lopez
U1206,Jose Bennett
U1207,Justin Anderson
U1208,Dawn Rivera
U1209,Brittney Hernandez
U1210,Anthony Randolph
U1211,Mary Henry
U1212,Heather Bowers
U1213,Daniel White
U1214,Jonathan Perry
U1215,Anna Walker
U1216,Gary Ward
U1217,Paul Moreno
U1218,Samantha Zavala MD
U1219,Jill Conway
U1220,Lisa Haley
U1221,Erica Moon
U1222,Janice Fernandez
U1223,Thomas Short
U1224,Robert Griffin
U1225,Steven Lee
U1226,Tiffany Jackson
U1227,Kimberly Smith
U1228,Michael Ayala
U1229,Jessica Garcia
U1230,Michele Cherry
U1231,Maria Case
U1232,Brittany Stevens
U1233,Brandon Brown
U1234,Kristin Andrews
U1235,David Hughes
U1236,Jessica Smith
U1237,Kimberly May
U1238,Nicole Richards
U1239,Angel Reilly
U1240,Richard Turner
U1241,Preston Kim
U1242,Matthew Wells
U1243,Brandy Myers
U1244,Kimberly Choi
U1245,Michael Sloan
U1246,Monica Brooks
U1247,Kristen Peters
U1248,Aaron Carlson
U1249,Theresa Torres
U1250,Stephanie Cooper
U1251,Matthew Hunt
U1252,Daniel Davenport
U1253,Christopher Marsh
U1254,Sarah Randolph
U1255,Julia Dunn MD
U1256,Brett Swanson
U1257,Mr. Carl Rios
U1258,Manuel Mccullough
U1259,Jerry Jensen
U1260,Kevin Cunningham
U1261,Eugene Patterson
U1262,David Walker
U1263,Jessica Larsen
U1264,Nicholas Humphrey
U1265,Ian Torres
U1266,Casey Obrien
U1267,Shannon Taylor
U1268,Deborah Mercado
U1269,Bernard Smith
U1270,Amanda Perkins
U1271,Kevin Escobar
U1272,Kimberly Lutz
U1273,Reginald Diaz
U1274,Raymond Quinn
U1275,John Dixon
U1276,Jonathan Bates
U1277,Renee Mendez
U1278,Jose Griffin
U1279,Travis Hopkins
U1280,Nancy Webb
U1281,Daniel Freeman
U1282,Jacob Williams
U1283,Terry Ward
U1284,Jesse Williams
U1285,Mrs. Michele Boyd
U1286,Sandy Baker
U1287,Carrie Valdez
U1288,Matthew Houston
U1289,Jamie Solomon
U1290,Heather Parrish
U1291,Mr. Larry Shaw
U1292,Christopher Jones
U1293,Christine Lopez
U1294,Mitchell Wilson
U1295,Robert Cortez
U1296,Mr. Daniel Martin
U1297,Alison Williams
U1298,Candace Soto
U1299,Kenneth Brown
U1300,Christopher Mullen
U1301,Kristy Smith
U1302,Mary Campbell
U1303,Jerry Haney
U1304,Carolyn Greer
U1305,Rebecca Hoover
U1306,Matthew Baker
U1307,Grace Chavez
U1308,Crystal Cruz
U1309,Dale Heath
U1310,Jennifer Hernandez
U1311,John Mendez
U1312,Richard Gordon
U1313,John Anderson
U1314,Samantha Prince
U1315,Marie Boyd
U1316,Andrew Moreno
U1317,Robert Clarke
U1318,Kevin Figueroa
U1319,Melissa Davis
U1320,John Hall
U1321,Diane Mcdowell
U1322,Colin Fletcher
U1323,Laura Wilson
U1324,Matthew Watts
U1325,Jack Moore
U1326,Dawn Wyatt
U1327,Jacob Hill
U1328,Nicole Gutierrez
U1329,Karen Wood
U1330,Dawn Parker
U1331,Michael Fitzgerald
U1332,Mary Adkins
U1333,Michael Martin
U1334,James Morgan
U1335,Melissa Mann
U1336,Vincent Smith
U1337,Charles Frost
U1338,Austin Walker
U1339,Andrew Cruz
U1340,Miss Kelly Dawson
U1341,Theresa Wilkins
U1342,Jessica Harris
U1343,Regina Mitchell
U1344,Kyle Black
U1345,Christopher Johnson
U1346,Aaron Moore
U1347,Penny Gomez MD
U1348,Kelly Mclaughlin
U1349,Brandon Mitchell
U1350,Suzanne Bailey
U1351,Destiny Obrien
U1352,Timothy Andrews
U1353,Jason Rodriguez
U1354,Edward Arroyo
U1355,Tina Walter
U1356,Laura Benson
U1357,Kristine Carrillo
U1358,Tonya Ellis
U1359,Kevin Johnson
U1360,Austin Schultz
U1361,Megan Hall MD
U1362,Kelli Smith
U1363,Danielle Davis
U1364,Samantha Jones
U1365,Karen Gomez
U1366,Debra Valentine
U1367,Susan Porter
U1368,Nicolas Salas
U1369,Dale Wright
U1370,Brittney Rodriguez
U1371,Megan Alvarado
U1372,Pamela Weaver
U1373,John Oliver
U1374,William Prince PhD
U1375,William Moon IV
U1376,Kenneth Brown
U1377,Karen Fernandez
U1378,Jennifer Parks
U1379,William Wolfe
U1380,Michael Smith
U1381,Kevin Nguyen
U1382,Debbie Dunn
U1383,John Austin
U1384,Jonathan Clark
U1385,Jacqueline Dickerson
U1386,Christopher Anderson
U1387,Crystal Garcia
U1388,David Reynolds
U1389,Charles Haley
U1390,Robert Thompson
U1391,Dr. Samuel Holmes DDS
U1392,Elizabeth Hart
U1393,Jennifer Vaughn
U1394,Robert Woods
U1395,Joanna Cook
U1396,Justin Frederick
U1397,Alejandro Martinez
U1398,Tracey Gonzalez
U1399,Mariah Thompson
U1400,Heather Nunez
U1401,Dr. Steve James
U1402,Mark Thomas
U1403,Robert Rogers
U1404,Laura Sweeney
U1405,Christopher Perez
U1406,Eddie Adams
U1407,Denise Wallace
U1408,Heidi Matthews
U1409,Jennifer White
U1410,Nicholas Stanley
U1411,Mercedes Miller
U1412,Brian Brown
U1413,Kimberly Johnson
U1414,Phillip Miller
U1415,Christopher Pena
U1416,Ellen Wright
U1417,Mark Anderson
U1418,Alyssa Alvarado
U1419,Erika Alvarez
U1420,Kimberly Nelson
U1421,Wayne Wolfe
U1422,Kyle Welch
U1423,Kristy Mills
U1424,Emily Reed
U1425,Regina Ramos
U1426,David Torres
U1427,Robert Charles
U1428,John Smith
U1429,Theresa Woods
U1430,Jeffrey Carter
U1431,Adam Brooks
U1432,Justin Foster
U1433,Omar Price
U1434,Dennis Henderson
U1435,Phillip Kent
U1436,Melinda Mitchell
U1437,Rhonda Gutierrez
U1438,Catherine Roberts
U1439,Lisa Nelson
U1440,Chelsea Smith
U1441,Joseph Lopez
U1442,Derrick Espinoza
U1443,Crystal Hernandez
U1444,Glenn Collins DDS
U1445,Mrs. Raven Rivera DVM
U1446,Amy Rowe
U1447,John Lee
U1448,Ruth Clayton
U1449,Randy Wright
U1450,Jessica Rojas
U1451,Joel Wise
U1452,Vickie Kennedy
U1453,Emily Morris
U1454,Amanda Pineda
U1455,Dawn Little
U1456,Stephen Boyer
U1457,Brian Chen
U1458,Christopher Hill
U1459,Richard Smith
U1460,Richard Alvarez
U1461,Jacqueline Davis
U1462,Brandon Montgomery
U1463,Yolanda Garrett
U1464,Matthew Miles
U1465,Beth Hall
U1466,Dr. Nicole Trujillo
U1467,Corey Norris
U1468,Chad Roach
U1469,Mr. Edward Terry
U1470,Cody Bailey
U1471,Denise Guerra
U1472,Kristen Jones
U1473,Edward Baker
U1474,Aaron Little
U1475,Cody Smith
U1476,Patty Allen
U1477,Mary Ryan
U1478,Joseph Jimenez
U1479,Lisa Morris
U1480,Ashley Mills
U1481,Russell Anderson
U1482,Christina Washington
U1483,Kenneth Huff
U1484,Kelly Miles
U1485,Jacob Obrien
U1486,Timothy Clark
U1487,Steve Miller PhD
U1488,Justin Hurley
U1489,Jacob Erickson
U1490,Deborah Williams
U1491,Eric Blackburn
U1492,Anne Hardy
U1493,Chelsey Fox
U1494,Mario White
U1495,Jennifer Garcia
U1496,Heather Ellis
U1497,Sonya Jackson
U1498,James Morgan
U1499,Zachary Ramos
U1500,Ethan Frey
U1501,Jacob Duran
U1502,Nicholas Franklin
U1503,Cindy Cannon
U1504,Dawn Nixon
U1505,James Barber
U1506,Ms. Kelly Holder
U1507,Eric Walker
U1508,Alison Short
U1509,Desiree Spencer
U1510,Tammy Moore
U1511,Henry Taylor
U1512,Kevin Hall
U1513,Anna Ross
U1514,Morgan Cummings
U1515,Carrie Petersen
U1516,Laura Velez
U1517,Elizabeth Cross
U1518,Angela Brown
U1519,Hannah Montoya
U1520,Sean Kane
U1521,Matthew Guzman
U1522,Richard Reyes
U1523,Andrew Fernandez
U1524,Jonathan Walker
U1525,Nicholas Long
U1526,Kurt Wagner
U1527,Dylan Foster
U1528,Bradley Duncan
U1529,James Miller
U1530,Patricia Anderson
U1531,Justin Freeman
U1532,Christina Gilbert
U1533,Danielle Jones
U1534,Erica Glass
U1535,Michael Henderson
U1536,Frank Wheeler
U1537,Eric Huerta
U1538,Wanda Ramos
U1539,Andrew Meyers
U1540,James Todd
U1541,Ashley Brown
U1542,Tammy Melton
U1543,Alexis Benson
U1544,Jerry Johnson
U1545,Joshua Harris
U1546,Deanna Webb
U1547,Brenda Hale
U1548,Kevin Alvarado
U1549,Christopher Campbell
U1550,Lisa Brown
U1551,Alejandra Price
U1552,Samuel Keller
U1553,Alicia Dillon
U1554,Crystal James
U1555,Ariana Stewart
U1556,Kim Lopez
U1557,Judith House
U1558,David Moreno
U1559,James Moore
U1560,Harold Garrett
U1561,William Mason
U1562,Lori Johns
U1563,Robin Johnson
U1564,Diana Hernandez
U1565,Mary Miller
U1566,Tyler Salazar
U1567,Crystal Allen
U1568,Wesley Browning
U1569,Joshua Clark
U1570,Joshua Mcbride
U1571,Ellen Thornton
U1572,Brandy Forbes
U1573,Brianna Fitzpatrick
U1574,Emily Grant
U1575,Bailey Stewart
U1576,Monica Cannon
U1577,Jennifer Jenkins
U1578,Timothy Shannon
U1579,Denise Maxwell
U1580,Cody Farmer
U1581,Debra Bradley
U1582,David Mcdaniel
U1583,Michael Woods
U1584,Lisa Joseph
U1585,Samuel Henry
U1586,Corey Johnson
U1587,Alexis Nelson
U1588,Patrick Mcneil
U1589,Andrea Ho
U1590,Dr. Katherine Nguyen
U1591,David Sullivan
U1592,Nicolas James
U1593,Logan Newton
U1594,Kelly Liu
U1595,Kelly Hayes
U1596,Amanda Forbes
U1597,Jennifer Moss
U1598,Kelli Mccoy
U1599,Eddie Sanders
U1600,Ronald Murray
U1601,Louis Brown
U1602,Brenda Gallegos
U1603,Nathan Wilson
U1604,Teresa Horton
U1605,Jason Hayes
U1606,Kevin Marquez
U1607,Jesse Wright
U1608,Susan Hogan
U1609,Becky Wilson
U1610,Jack Mills
U1611,Richard Hunt
U1612,Jamie James
U1613,Susan Cunningham
U1614,Brittany Melton
U1615,Michael Barnes
U1616,Randy Griffin
U1617,Autumn Anderson
U1618,Marcus King
U1619,Scott Stephens
U1620,Stephen Young
U1621,Karen Ortiz
U1622,Kyle Sanchez
U1623,Lisa Grant
U1624,Amber Hernandez
U1625,Amanda Nash
U1626,Sara Evans
U1627,Amber Butler
U1628,Michael Carr
U1629,Linda Cobb
U1630,Jesse Riley
U1631,Anna Evans
U1632,James Jones
U1633,Joshua Carter
U1634,Michael Hill
U1635,Kelly Dominguez
U1636,Ashley Blair
U1637,Victoria Webb
U1638,Taylor Andersen
U1639,Lee Stewart
U1640,Whitney Gomez
U1641,Justin Stone
U1642,Katherine White
U1643,Michelle Krause
U1644,Alexander Garrett
U1645,Ryan Marsh
U1646,Mrs. Felicia Castro DDS
U1647,Curtis Campbell
U1648,Elizabeth Hunter
U1649,Aaron Jennings
U1650,Nathaniel Gilbert
U1651,Christopher Rivera
U1652,Michael Hendricks
U1653,Maria Olson
U1654,Stephanie Herrera
U1655,Richard Gutierrez
U1656,Sandy Evans
U1657,Emily Herrera
U1658,Michael Marsh
U1659,Heather Montes
U1660,Andre Terrell
U1661,Sarah Duncan
U1662,Kurt Hancock
U1663,Michele Edwards
U1664,Jason Crawford
U1665,Jesse Sampson
U1666,Eric Rodriguez
U1667,Paula Gentry
U1668,Alexander Webb
U1669,Cheryl Mclean
U1670,Kelly Rowe
U1671,Shane Short
U1672,Megan Anderson
U1673,Julia Reeves
U1674,April Randolph
U1675,Linda Miller
U1676,Angel Meyer
U1677,Emily Lane
U1678,Steven Flores
U1679,Donald Flores
U1680,Bruce Hernandez
U1681,Adrian Dean
U1682,Christine Bell
U1683,Charles Bush
U1684,David Jones
U1685,Gina Wallace
U1686,John Lowe
U1687,Anthony Simmons
U1688,Kyle Watkins
U1689,Melissa Jensen
U1690,Robert Marquez
U1691,Kim Beltran
U1692,Julie Anderson
U1693,Tamara Mcdonald
U1694,Michael Mckinney
U1695,David Walker
U1696,Lisa Durham
U1697,Michael Ortega
U1698,Sonya Chavez
U1699,John Bell
U1700,Christopher Tate
U1701,Bethany Garcia
U1702,Rebecca Nguyen
U1703,Rebecca Patel
U1704,Jason Oliver
U1705,Valerie Reyes
U1706,Robert Garza
U1707,Jessica Cobb
U1708,Cynthia Bates
U1709,Timothy Andrews
U1710,Mr. Joel Peters
U1711,Casey Blanchard
U1712,Brian Cervantes
U1713,Jamie Snyder
U1714,Ann Montoya
U1715,Stephanie Fields
U1716,Charles Hernandez
U1717,Jean Lane
U1718,Michael Stewart
U1719,Susan Torres
U1720,Jessica Haas
U1721,Brandon Smith
U1722,Mrs. Bethany Phillips
U1723,Joshua Brown
U1724,Samantha Howard
U1725,Sharon Young
U1726,Jennifer Flores
U1727,James Gardner
U1728,Karen Lopez
U1729,Tim Larsen
U1730,Zachary Santiago
U1731,Benjamin Smith
U1732,Katelyn Kim
U1733,Angela May MD
U1734,Richard Munoz
U1735,Christopher Hicks
U1736,Joanna Kelly
U1737,Larry Lane
U1738,Cynthia Shaw
U1739,Joshua Richardson
U1740,Laura Bush
U1741,John Vaughn
U1742,Nicholas Terrell
U1743,Dr. Julie Miller
U1744,Ann Kennedy
U1745,Toni Miller
U1746,Rebecca Edwards
U1747,Greg Osborne
U1748,Jose Harrison
U1749,Jennifer Yu
U1750,Donna Johnson
U1751,Nicole Acosta
U1752,Amy Kennedy
U1753,Anthony Mooney
U1754,Lori Mitchell
U1755,Jonathan York
U1756,Casey Campbell
U1757,Alexis Rodriguez
U1758,Kevin Hernandez
U1759,Robert Green
U1760,Kari Lloyd
U1761,Grace Miller
U1762,Timothy Moore
U1763,Wyatt Townsend II
U1764,Mark Clark
U1765,Haley May
U1766,Audrey Jackson
U1767,Eric Reese
U1768,Kim James
U1769,Karen Thomas
U1770,Alexandra Ho
U1771,Michael Nixon
U1772,Amanda Hardin
U1773,Tina Reynolds
U1774,Shannon Rogers
U1775,Brett Pena
U1776,Raymond Curry
U1777,Leah Lee
U1778,Michael White
U1779,Megan Decker
U1780,Brent Garcia
U1781,Daniel Campbell
U1782,Alexander Davis
U1783,Mary Houston
U1784,Margaret Erickson
U1785,Scott Anderson
U1786,Stephanie Knight
U1787,Stephanie Dominguez
U1788,John Mayer
U1789,Tammy Hill
U1790,Steven Carrillo
U1791,Christopher Jones
U1792,Janet Cook
U1793,Tyler Baker
U1794,John Mcfarland
U1795,Cassandra Vasquez
U1796,Randy Robinson
U1797,Susan Baldwin
U1798,Benjamin Duncan
U1799,Jeremy Mosley
U1800,Martin Fitzpatrick
U1801,Deborah Graves
U1802,Laura Robertson
U1803,Katherine Graham
U1804,Priscilla Floyd
U1805,April Finley
U1806,Karen Bradley
U1807,Heather Maldonado
U1808,Mark Benjamin
U1809,Joseph Woodward
U1810,Joe Miranda
U1811,Cassandra Williams
U1812,Connor Dominguez
U1813,Lydia Howard
U1814,Mark Moss
U1815,Corey Cortez
U1816,Katherine Brown
U1817,Elizabeth Ferguson
U1818,Joann Forbes
U1819,Anthony French
U1820,Bruce Roman
U1821,Judy Gregory
U1822,Brittany Riley
U1823,Amanda Thomas
U1824,Kaitlin Hardin
U1825,Michael Anderson
U1826,Anthony Parker
U1827,Joy Jackson
U1828,Sabrina Rodriguez
U1829,Robert Walker PhD
U1830,Robert Hendrix
U1831,Erika Daugherty
U1832,Brenda Copeland
U1833,Pamela Watkins
U1834,Bryan Thomas
U1835,Michael Tran
U1836,Timothy Williams
U1837,Ryan Salazar
U1838,Alexis Tucker
U1839,Christopher Davis
U1840,Stacie Butler
U1841,Patricia Schwartz
U1842,Mark Mills
U1843,Todd Bishop
U1844,Christopher Porter
U1845,Lori Patton
U1846,Aaron Young
U1847,Joseph Davis
U1848,Philip Fernandez
U1849,Randy Hopkins
U1850,Cory Hogan
U1851,Tracy Wells
U1852,Michael Williams
U1853,Dominique Hamilton
U1854,Robert Chang
U1855,Patrick Buckley
U1856,Richard Washington
U1857,Steven Griffith
U1858,Erika Gonzalez
U1859,Erika Maxwell
U1860,Brent Rojas
U1861,Jaime Walker
U1862,John Zamora
U1863,Timothy Gibson
U1864,Chad Cortez
U1865,Vanessa Harris
U1866,Michael Brown
U1867,Samuel Ellis
U1868,Greg Tanner
U1869,Rachel Little
U1870,Carolyn Cordova
U1871,Angelica Vincent
U1872,Zachary Vargas PhD
U1873,Nicholas Fitzgerald
U1874,Garrett Riley
U1875,Leslie Hernandez
U1876,Abigail Baird
U1877,John Mack
U1878,Joseph Mendoza
U1879,Samantha Chavez
U1880,Justin Smith
U1881,Tiffany Anderson
U1882,Matthew Davis
U1883,Eric Warner
U1884,Nicole Johnson
U1885,Raymond Sawyer
U1886,Richard Wood
U1887,Mark Dalton
U1888,Steven Cook
U1889,Jeffery Nelson
U1890,Kimberly Norton
U1891,Angela Gilmore
U1892,Amy Dougherty
U1893,Stacy Rodriguez
U1894,Manuel Diaz
U1895,Justin Jones
U1896,Christine Zavala
U1897,Brian Mendoza
U1898,Lauren Haley
U1899,Patrick Perez
U1900,Derek Frazier
U1901,Arthur Reed
U1902,Mr. Bryan Mckinney
U1903,Kim Carter
U1904,Rebecca Dougherty
U1905,Teresa Jones
U1906,Judith Miller
U1907,Donna Frye
U1908,Donald Terry
U1909,Shaun Meyer DDS
U1910,Wayne Weaver
U1911,Gregory Wallace
U1912,Dorothy Brown
U1913,Crystal Meza
U1914,Jennifer Cooper
U1915,Erin Watkins
U1916,Sarah Wallace
U1917,Carlos Clarke
U1918,David Washington
U1919,Patricia Williams
U1920,Jesus Jackson
U1921,Michelle Mitchell
U1922,Sara Schwartz
U1923,Brittany Young
U1924,Eugene Martinez
U1925,Cody Hart
U1926,Evan Cooper
U1927,Joshua Martin
U1928,Thomas Sullivan
U1929,Mr. Jimmy Flores Jr.
U1930,Vanessa Rivera
U1931,Kara Roberts
U1932,Veronica Berry
U1933,Keith Meadows
U1934,Michael Dennis
U1935,Brenda Pierce
U1936,James Randall
U1937,Brandon Brown
U1938,Lauren Walker
U1939,Diana Johnson
U1940,Jill Powers
U1941,Jorge Lee
U1942,Larry Harding
U1943,Heather Hernandez
U1944,Jaclyn Watson
U1945,Gregory Madden
U1946,Anita Luna
U1947,Willie Lara
U1948,Robert Waller
U1949,Steven Taylor
U1950,Angelica Clark
U1951,Sean Hatfield
U1952,Tyler Avila
U1953,Jason Rocha
U1954,Justin Page
U1955,Breanna Lopez
U1956,Julian Williams
U1957,Sandra Torres
U1958,Julie Johnson
U1959,Dennis Blanchard
U1960,Kaitlyn Valdez
U1961,Jennifer Vasquez
U1962,Danielle Wilson
U1963,Zachary Jones
U1964,Lauren Cunningham
U1965,Lori Alvarez
U1966,Barbara Hunt
U1967,Sarah Martin
U1968,Francisco Johns
U1969,Christopher Nelson
U1970,Thomas Kelly
U1971,Joseph Mayer
U1972,Pamela White
U1973,Paul Stephens
U1974,Samantha Cohen
U1975,Michael Barker
U1976,Kevin Morrow
U1977,Joseph Watson
U1978,Mr. Thomas Garcia
U1979,Daniel Lopez
U1980,Lisa Guerra
U1981,Kim Arnold
U1982,Ashley Stevens
U1983,Robert Mclean
U1984,Eric Cox
U1985,Stacy Harper
U1986,Gloria Mckinney
U1987,Robert Walker
U1988,Brenda Perez
U1989,Carlos Miller
U1990,Rachel Jones
U1991,Nicole Williams
U1992,Ricky Palmer
U1993,Bryan King
U1994,Michael Webster
U1995,Tamara Harris
U1996,Cathy Bell
U1997,Ryan Mcmahon
U1998,Hannah Martin
U1999,Monica Allen
U2000,Annette Lane
